method,n_estimators,learning_rate,num_leaves,max_depth,accuracy,macro_precision,macro_recall,macro_f1_score,training_time_seconds,prediction_time_ms_per_roi,samples_evaluated,classes_evaluated,class_labels,per_class_precision,per_class_recall,per_class_f1_score,per_class_support,confusion_matrix
LightGBM,100,0.03,15,5,0.650976772804184,0.5797611432724105,0.466188591891384,0.4937319174787696,1.3653170999896247,0.007826518996578146,6501,12,"['Apple', 'Avocado', 'Banana', 'Grape', 'Mango', 'Melon', 'Orange', 'Peach', 'Pear', 'Tomato', 'train', 'validation']","{'Apple': 0.75, 'Avocado': 0.8329207920792079, 'Banana': 0.5642201834862385, 'Grape': 0.6080332409972299, 'Mango': 0.7349397590361446, 'Melon': 0.45161290322580644, 'Orange': 0.5673846153846154, 'Peach': 0.9193548387096774, 'Pear': 0.8095238095238095, 'Tomato': 0.7191435768261965, 'train': 0.0, 'validation': 0.0}","{'Apple': 0.4864864864864865, 'Avocado': 0.870071105365223, 'Banana': 0.6780595369349504, 'Grape': 0.5606641123882503, 'Mango': 0.3485714285714286, 'Melon': 0.23595505617977527, 'Orange': 0.7927773000859846, 'Peach': 0.6551724137931034, 'Pear': 0.21518987341772153, 'Tomato': 0.7513157894736842, 'train': 0.0, 'validation': 0.0}","{'Apple': 0.5901639344262295, 'Avocado': 0.8510907366424281, 'Banana': 0.6159238858287431, 'Grape': 0.5833887043189369, 'Mango': 0.4728682170542636, 'Melon': 0.30996309963099633, 'Orange': 0.6614060258249641, 'Peach': 0.7651006711409396, 'Pear': 0.34, 'Tomato': 0.7348777348777349, 'train': 0.0, 'validation': 0.0}","{'Apple': 333, 'Avocado': 1547, 'Banana': 907, 'Grape': 783, 'Mango': 175, 'Melon': 178, 'Orange': 1163, 'Peach': 87, 'Pear': 79, 'Tomato': 760, 'train': 0, 'validation': 489}","[[162, 21, 46, 17, 0, 4, 48, 0, 0, 31, 4, 0], [1, 1346, 40, 66, 0, 1, 71, 0, 0, 20, 2, 0], [11, 36, 615, 41, 3, 9, 142, 1, 0, 35, 14, 0], [10, 107, 66, 439, 2, 3, 130, 0, 1, 10, 15, 0], [0, 17, 26, 8, 61, 4, 38, 0, 1, 19, 1, 0], [1, 10, 65, 13, 0, 42, 26, 0, 1, 11, 9, 0], [10, 28, 67, 40, 3, 22, 922, 4, 0, 61, 6, 0], [0, 0, 8, 0, 0, 0, 12, 57, 0, 10, 0, 0], [5, 1, 34, 4, 1, 1, 9, 0, 17, 4, 3, 0], [8, 34, 30, 16, 10, 4, 74, 0, 0, 571, 13, 0], [0, 0, 0, 0, 0, 0, 0, 0, 0, 0, 0, 0], [8, 16, 93, 78, 3, 3, 153, 0, 1, 22, 112, 0]]"
LightGBM,100,0.03,15,10,0.6592831872019689,0.5913358250662355,0.48345007915011756,0.5105582579764623,1.2355706000234932,0.007255237656700632,6501,12,"['Apple', 'Avocado', 'Banana', 'Grape', 'Mango', 'Melon', 'Orange', 'Peach', 'Pear', 'Tomato', 'train', 'validation']","{'Apple': 0.7531914893617021, 'Avocado': 0.8368883312421581, 'Banana': 0.5798319327731093, 'Grape': 0.6, 'Mango': 0.75, 'Melon': 0.5, 'Orange': 0.5778894472361809, 'Peach': 0.9393939393939394, 'Pear': 0.8260869565217391, 'Tomato': 0.7327478042659975, 'train': 0.0, 'validation': 0.0}","{'Apple': 0.5315315315315315, 'Avocado': 0.8623141564318035, 'Banana': 0.6846747519294377, 'Grape': 0.5862068965517241, 'Mango': 0.36, 'Melon': 0.2640449438202247, 'Orange': 0.7910576096302665, 'Peach': 0.7126436781609196, 'Pear': 0.24050632911392406, 'Tomato': 0.7684210526315789, 'train': 0.0, 'validation': 0.0}","{'Apple': 0.6232394366197183, 'Avocado': 0.8494110156001273, 'Banana': 0.627906976744186, 'Grape': 0.5930232558139535, 'Mango': 0.4864864864864865, 'Melon': 0.34558823529411764, 'Orange': 0.6678765880217786, 'Peach': 0.8104575163398693, 'Pear': 0.37254901960784315, 'Tomato': 0.7501605651894669, 'train': 0.0, 'validation': 0.0}","{'Apple': 333, 'Avocado': 1547, 'Banana': 907, 'Grape': 783, 'Mango': 175, 'Melon': 178, 'Orange': 1163, 'Peach': 87, 'Pear': 79, 'Tomato': 760, 'train': 0, 'validation': 489}","[[177, 18, 43, 19, 1, 3, 45, 0, 0, 24, 3, 0], [1, 1334, 41, 78, 0, 1, 73, 0, 0, 19, 0, 0], [12, 35, 621, 42, 2, 8, 140, 0, 0, 37, 10, 0], [10, 97, 62, 459, 2, 3, 127, 0, 0, 11, 12, 0], [0, 20, 22, 10, 63, 3, 37, 0, 1, 16, 3, 0], [1, 11, 60, 14, 0, 47, 27, 0, 1, 9, 8, 0], [10, 30, 71, 37, 5, 19, 920, 4, 0, 57, 10, 0], [0, 1, 4, 0, 0, 0, 11, 62, 0, 9, 0, 0], [6, 1, 31, 6, 1, 1, 8, 0, 19, 4, 2, 0], [9, 33, 26, 16, 8, 6, 66, 0, 0, 584, 12, 0], [0, 0, 0, 0, 0, 0, 0, 0, 0, 0, 0, 0], [9, 14, 90, 84, 2, 3, 138, 0, 2, 27, 120, 0]]"
LightGBM,100,0.03,15,-1,0.6594370096908168,0.5920657716279154,0.48270083899232336,0.5100061863149693,1.4456519999948796,0.007270419935557869,6501,12,"['Apple', 'Avocado', 'Banana', 'Grape', 'Mango', 'Melon', 'Orange', 'Peach', 'Pear', 'Tomato', 'train', 'validation']","{'Apple': 0.7478260869565218, 'Avocado': 0.8375156838143036, 'Banana': 0.5850467289719626, 'Grape': 0.6005221932114883, 'Mango': 0.7380952380952381, 'Melon': 0.5274725274725275, 'Orange': 0.5768025078369906, 'Peach': 0.9393939393939394, 'Pear': 0.8260869565217391, 'Tomato': 0.726027397260274, 'train': 0.0, 'validation': 0.0}","{'Apple': 0.5165165165165165, 'Avocado': 0.8629605688429218, 'Banana': 0.6901874310915105, 'Grape': 0.5874840357598978, 'Mango': 0.35428571428571426, 'Melon': 0.2696629213483146, 'Orange': 0.7910576096302665, 'Peach': 0.7126436781609196, 'Pear': 0.24050632911392406, 'Tomato': 0.7671052631578947, 'train': 0.0, 'validation': 0.0}","{'Apple': 0.61101243339254, 'Avocado': 0.8500477554918816, 'Banana': 0.6332827516439049, 'Grape': 0.5939315687540349, 'Mango': 0.47876447876447875, 'Melon': 0.35687732342007433, 'Orange': 0.6671501087744742, 'Peach': 0.8104575163398693, 'Pear': 0.37254901960784315, 'Tomato': 0.746001279590531, 'train': 0.0, 'validation': 0.0}","{'Apple': 333, 'Avocado': 1547, 'Banana': 907, 'Grape': 783, 'Mango': 175, 'Melon': 178, 'Orange': 1163, 'Peach': 87, 'Pear': 79, 'Tomato': 760, 'train': 0, 'validation': 489}","[[172, 19, 42, 20, 1, 2, 48, 0, 0, 26, 3, 0], [1, 1335, 40, 75, 0, 1, 74, 0, 0, 20, 1, 0], [12, 34, 626, 39, 2, 8, 140, 0, 0, 35, 11, 0], [10, 97, 61, 460, 3, 4, 122, 0, 0, 12, 14, 0], [0, 19, 23, 9, 62, 3, 38, 0, 1, 18, 2, 0], [1, 11, 59, 13, 0, 48, 27, 0, 1, 10, 8, 0], [11, 29, 69, 40, 6, 18, 920, 4, 0, 58, 8, 0], [0, 1, 4, 0, 0, 0, 11, 62, 0, 9, 0, 0], [5, 1, 30, 6, 1, 1, 8, 0, 19, 6, 2, 0], [9, 35, 29, 18, 7, 3, 64, 0, 0, 583, 12, 0], [0, 0, 0, 0, 0, 0, 0, 0, 0, 0, 0, 0], [9, 13, 87, 86, 2, 3, 143, 0, 2, 26, 118, 0]]"
LightGBM,100,0.03,31,5,0.6723580987540378,0.5995820859169354,0.48370380152831993,0.5123656464758204,1.9567422999825794,0.010048438702115307,6501,12,"['Apple', 'Avocado', 'Banana', 'Grape', 'Mango', 'Melon', 'Orange', 'Peach', 'Pear', 'Tomato', 'train', 'validation']","{'Apple': 0.8108108108108109, 'Avocado': 0.8504034761018001, 'Banana': 0.5920679886685553, 'Grape': 0.62, 'Mango': 0.6818181818181818, 'Melon': 0.5581395348837209, 'Orange': 0.5942750466708152, 'Peach': 0.9354838709677419, 'Pear': 0.8095238095238095, 'Tomato': 0.742462311557789, 'train': 0.0, 'validation': 0.0}","{'Apple': 0.5405405405405406, 'Avocado': 0.885585003232062, 'Banana': 0.6912899669239251, 'Grape': 0.5938697318007663, 'Mango': 0.34285714285714286, 'Melon': 0.2696629213483146, 'Orange': 0.821152192605331, 'Peach': 0.6666666666666666, 'Pear': 0.21518987341772153, 'Tomato': 0.7776315789473685, 'train': 0.0, 'validation': 0.0}","{'Apple': 0.6486486486486487, 'Avocado': 0.8676377454084864, 'Banana': 0.6378433367243134, 'Grape': 0.6066536203522505, 'Mango': 0.45627376425855515, 'Melon': 0.36363636363636365, 'Orange': 0.6895306859205776, 'Peach': 0.7785234899328859, 'Pear': 0.34, 'Tomato': 0.7596401028277635, 'train': 0.0, 'validation': 0.0}","{'Apple': 333, 'Avocado': 1547, 'Banana': 907, 'Grape': 783, 'Mango': 175, 'Melon': 178, 'Orange': 1163, 'Peach': 87, 'Pear': 79, 'Tomato': 760, 'train': 0, 'validation': 489}","[[180, 18, 44, 19, 1, 1, 43, 0, 0, 24, 3, 0], [2, 1370, 34, 64, 0, 1, 61, 0, 0, 14, 1, 0], [6, 32, 627, 41, 6, 5, 138, 0, 1, 34, 17, 0], [8, 96, 58, 465, 4, 3, 121, 0, 1, 11, 16, 0], [0, 16, 24, 11, 60, 2, 39, 0, 0, 20, 3, 0], [3, 9, 58, 10, 1, 48, 25, 0, 1, 12, 11, 0], [6, 24, 55, 39, 5, 17, 955, 3, 1, 53, 5, 0], [0, 0, 6, 0, 0, 0, 13, 58, 0, 9, 1, 0], [2, 1, 34, 5, 1, 1, 11, 0, 17, 3, 4, 0], [7, 28, 28, 19, 8, 3, 63, 0, 0, 591, 13, 0], [0, 0, 0, 0, 0, 0, 0, 0, 0, 0, 0, 0], [8, 17, 91, 77, 2, 5, 138, 1, 0, 25, 125, 0]]"
LightGBM,100,0.03,31,10,0.6963544070143055,0.6146748239924776,0.5215598968102916,0.546912966276642,1.9122413999866694,0.020311582830520092,6501,12,"['Apple', 'Avocado', 'Banana', 'Grape', 'Mango', 'Melon', 'Orange', 'Peach', 'Pear', 'Tomato', 'train', 'validation']","{'Apple': 0.7950819672131147, 'Avocado': 0.859638178415471, 'Banana': 0.6319311663479924, 'Grape': 0.630461922596754, 'Mango': 0.7450980392156863, 'Melon': 0.5277777777777778, 'Orange': 0.6486301369863013, 'Peach': 0.9295774647887324, 'Pear': 0.84, 'Tomato': 0.7679012345679013, 'train': 0.0, 'validation': 0.0}","{'Apple': 0.5825825825825826, 'Avocado': 0.8907563025210085, 'Banana': 0.7287761852260198, 'Grape': 0.644955300127714, 'Mango': 0.4342857142857143, 'Melon': 0.3202247191011236, 'Orange': 0.8142734307824592, 'Peach': 0.7586206896551724, 'Pear': 0.26582278481012656, 'Tomato': 0.8184210526315789, 'train': 0.0, 'validation': 0.0}","{'Apple': 0.6724436741767764, 'Avocado': 0.8749206349206349, 'Banana': 0.6769073220686124, 'Grape': 0.6376262626262627, 'Mango': 0.5487364620938628, 'Melon': 0.3986013986013986, 'Orange': 0.7220739611132291, 'Peach': 0.8354430379746836, 'Pear': 0.40384615384615385, 'Tomato': 0.7923566878980892, 'train': 0.0, 'validation': 0.0}","{'Apple': 333, 'Avocado': 1547, 'Banana': 907, 'Grape': 783, 'Mango': 175, 'Melon': 178, 'Orange': 1163, 'Peach': 87, 'Pear': 79, 'Tomato': 760, 'train': 0, 'validation': 489}","[[194, 19, 45, 17, 0, 2, 30, 0, 0, 22, 4, 0], [0, 1378, 26, 73, 0, 4, 50, 0, 0, 16, 0, 0], [7, 32, 661, 40, 6, 7, 111, 1, 0, 26, 16, 0], [9, 82, 46, 505, 5, 4, 100, 0, 2, 12, 18, 0], [0, 18, 21, 11, 76, 3, 27, 0, 1, 16, 2, 0], [4, 11, 50, 9, 1, 57, 24, 0, 0, 11, 11, 0], [10, 22, 52, 44, 6, 17, 947, 3, 0, 54, 8, 0], [1, 1, 4, 0, 0, 0, 6, 66, 0, 8, 1, 0], [3, 1, 30, 4, 1, 1, 11, 1, 21, 1, 5, 0], [6, 24, 23, 16, 4, 6, 50, 0, 0, 622, 9, 0], [0, 0, 0, 0, 0, 0, 0, 0, 0, 0, 0, 0], [10, 15, 88, 82, 3, 7, 104, 0, 1, 22, 157, 0]]"
LightGBM,100,0.03,31,-1,0.6962005845254576,0.6159705395801623,0.5216784102896408,0.5480035854801335,2.1888139999937266,0.00985872942361642,6501,12,"['Apple', 'Avocado', 'Banana', 'Grape', 'Mango', 'Melon', 'Orange', 'Peach', 'Pear', 'Tomato', 'train', 'validation']","{'Apple': 0.7991803278688525, 'Avocado': 0.8589185829707893, 'Banana': 0.6244087038789026, 'Grape': 0.635678391959799, 'Mango': 0.7281553398058253, 'Melon': 0.5233644859813084, 'Orange': 0.6512749827705031, 'Peach': 0.9565217391304348, 'Pear': 0.8461538461538461, 'Tomato': 0.7679900744416873, 'train': 0.0, 'validation': 0.0}","{'Apple': 0.5855855855855856, 'Avocado': 0.8933419521654816, 'Banana': 0.7276736493936052, 'Grape': 0.6462324393358876, 'Mango': 0.42857142857142855, 'Melon': 0.3146067415730337, 'Orange': 0.8125537403267412, 'Peach': 0.7586206896551724, 'Pear': 0.27848101265822783, 'Tomato': 0.8144736842105263, 'train': 0.0, 'validation': 0.0}","{'Apple': 0.6759098786828422, 'Avocado': 0.8757921419518377, 'Banana': 0.6720977596741344, 'Grape': 0.6409119696010133, 'Mango': 0.539568345323741, 'Melon': 0.3929824561403509, 'Orange': 0.7230298393267024, 'Peach': 0.8461538461538461, 'Pear': 0.41904761904761906, 'Tomato': 0.7905491698595147, 'train': 0.0, 'validation': 0.0}","{'Apple': 333, 'Avocado': 1547, 'Banana': 907, 'Grape': 783, 'Mango': 175, 'Melon': 178, 'Orange': 1163, 'Peach': 87, 'Pear': 79, 'Tomato': 760, 'train': 0, 'validation': 489}","[[195, 19, 44, 16, 0, 3, 29, 0, 0, 24, 3, 0], [1, 1382, 23, 73, 0, 4, 50, 0, 0, 14, 0, 0], [7, 30, 660, 41, 6, 7, 113, 0, 0, 28, 15, 0], [9, 83, 52, 506, 5, 4, 95, 0, 2, 9, 18, 0], [0, 17, 23, 11, 75, 2, 27, 0, 1, 16, 3, 0], [4, 11, 51, 9, 1, 56, 24, 0, 0, 11, 11, 0], [10, 23, 49, 41, 8, 19, 945, 3, 0, 55, 10, 0], [1, 1, 4, 0, 0, 0, 5, 66, 0, 9, 1, 0], [3, 1, 32, 4, 1, 1, 9, 0, 22, 1, 5, 0], [6, 27, 26, 15, 5, 6, 49, 0, 0, 619, 7, 0], [0, 0, 0, 0, 0, 0, 0, 0, 0, 0, 0, 0], [8, 15, 93, 80, 2, 5, 105, 0, 1, 20, 160, 0]]"
LightGBM,100,0.03,63,5,0.6711275188432548,0.5996555510334635,0.4820764731206191,0.5098851674576731,1.3828568999888375,0.010348930930042027,6501,12,"['Apple', 'Avocado', 'Banana', 'Grape', 'Mango', 'Melon', 'Orange', 'Peach', 'Pear', 'Tomato', 'train', 'validation']","{'Apple': 0.7963800904977375, 'Avocado': 0.8508663366336634, 'Banana': 0.5911654135338346, 'Grape': 0.6193029490616622, 'Mango': 0.7078651685393258, 'Melon': 0.5357142857142857, 'Orange': 0.59375, 'Peach': 0.921875, 'Pear': 0.8421052631578947, 'Tomato': 0.7368421052631579, 'train': 0.0, 'validation': 0.0}","{'Apple': 0.5285285285285285, 'Avocado': 0.8888170652876535, 'Banana': 0.6934950385887542, 'Grape': 0.5900383141762452, 'Mango': 0.36, 'Melon': 0.25280898876404495, 'Orange': 0.8168529664660361, 'Peach': 0.6781609195402298, 'Pear': 0.20253164556962025, 'Tomato': 0.7736842105263158, 'train': 0.0, 'validation': 0.0}","{'Apple': 0.6353790613718412, 'Avocado': 0.8694277584571609, 'Banana': 0.6382546930492136, 'Grape': 0.60431654676259, 'Mango': 0.4772727272727273, 'Melon': 0.3435114503816794, 'Orange': 0.6876583423814694, 'Peach': 0.7814569536423841, 'Pear': 0.32653061224489793, 'Tomato': 0.754813863928113, 'train': 0.0, 'validation': 0.0}","{'Apple': 333, 'Avocado': 1547, 'Banana': 907, 'Grape': 783, 'Mango': 175, 'Melon': 178, 'Orange': 1163, 'Peach': 87, 'Pear': 79, 'Tomato': 760, 'train': 0, 'validation': 489}","[[176, 18, 42, 19, 1, 2, 43, 0, 0, 27, 5, 0], [3, 1375, 32, 60, 0, 1, 63, 0, 0, 12, 1, 0], [5, 31, 629, 40, 5, 6, 134, 0, 1, 38, 18, 0], [8, 96, 58, 462, 4, 3, 125, 0, 1, 10, 16, 0], [0, 17, 26, 9, 63, 3, 35, 0, 0, 20, 2, 0], [3, 8, 62, 11, 1, 45, 26, 0, 1, 11, 10, 0], [6, 24, 55, 43, 5, 18, 950, 4, 0, 53, 5, 0], [0, 0, 7, 0, 0, 0, 12, 59, 0, 9, 0, 0], [2, 1, 33, 5, 1, 1, 12, 0, 16, 4, 4, 0], [10, 30, 28, 20, 8, 2, 62, 0, 0, 588, 12, 0], [0, 0, 0, 0, 0, 0, 0, 0, 0, 0, 0, 0], [8, 16, 92, 77, 1, 3, 138, 1, 0, 26, 127, 0]]"
LightGBM,100,0.03,63,10,0.724042455006922,0.6359989664118046,0.5531430578638791,0.5778851764315203,2.583496600011131,0.011095816026228441,6501,12,"['Apple', 'Avocado', 'Banana', 'Grape', 'Mango', 'Melon', 'Orange', 'Peach', 'Pear', 'Tomato', 'train', 'validation']","{'Apple': 0.8215613382899628, 'Avocado': 0.8801498127340824, 'Banana': 0.6829025844930418, 'Grape': 0.6419753086419753, 'Mango': 0.7807017543859649, 'Melon': 0.5573770491803278, 'Orange': 0.6931818181818182, 'Peach': 0.9571428571428572, 'Pear': 0.8214285714285714, 'Tomato': 0.7955665024630542, 'train': 0.0, 'validation': 0.0}","{'Apple': 0.6636636636636637, 'Avocado': 0.9114414996767938, 'Banana': 0.7574421168687983, 'Grape': 0.6641123882503193, 'Mango': 0.5085714285714286, 'Melon': 0.38202247191011235, 'Orange': 0.8392089423903697, 'Peach': 0.7701149425287356, 'Pear': 0.2911392405063291, 'Tomato': 0.85, 'train': 0.0, 'validation': 0.0}","{'Apple': 0.7342192691029901, 'Avocado': 0.8955223880597015, 'Banana': 0.7182435964453737, 'Grape': 0.6528562460765851, 'Mango': 0.615916955017301, 'Melon': 0.4533333333333333, 'Orange': 0.7592376507195644, 'Peach': 0.8535031847133758, 'Pear': 0.42990654205607476, 'Tomato': 0.821882951653944, 'train': 0.0, 'validation': 0.0}","{'Apple': 333, 'Avocado': 1547, 'Banana': 907, 'Grape': 783, 'Mango': 175, 'Melon': 178, 'Orange': 1163, 'Peach': 87, 'Pear': 79, 'Tomato': 760, 'train': 0, 'validation': 489}","[[221, 9, 31, 17, 0, 3, 32, 0, 0, 16, 4, 0], [0, 1410, 22, 64, 0, 4, 28, 0, 0, 18, 1, 0], [4, 24, 687, 45, 7, 9, 91, 1, 1, 24, 14, 0], [9, 78, 43, 520, 5, 5, 83, 0, 1, 12, 27, 0], [2, 15, 19, 10, 89, 3, 21, 0, 0, 12, 4, 0], [3, 8, 40, 10, 1, 68, 24, 0, 1, 10, 13, 0], [10, 22, 34, 38, 6, 16, 976, 1, 0, 50, 10, 0], [1, 0, 6, 0, 0, 0, 6, 67, 0, 6, 1, 0], [2, 1, 29, 5, 1, 2, 7, 1, 23, 2, 6, 0], [6, 21, 14, 19, 3, 6, 44, 0, 0, 646, 1, 0], [0, 0, 0, 0, 0, 0, 0, 0, 0, 0, 0, 0], [11, 14, 81, 82, 2, 6, 96, 0, 2, 16, 179, 0]]"
LightGBM,100,0.03,63,-1,0.7245039224734656,0.6438512684092919,0.5535552896708785,0.5810333480460307,2.651885900006164,0.011061867408570744,6501,12,"['Apple', 'Avocado', 'Banana', 'Grape', 'Mango', 'Melon', 'Orange', 'Peach', 'Pear', 'Tomato', 'train', 'validation']","{'Apple': 0.8283582089552238, 'Avocado': 0.8836045056320401, 'Banana': 0.6794493608652901, 'Grape': 0.6488833746898263, 'Mango': 0.7739130434782608, 'Melon': 0.576271186440678, 'Orange': 0.7014388489208633, 'Peach': 0.9850746268656716, 'Pear': 0.8571428571428571, 'Tomato': 0.7920792079207921, 'train': 0.0, 'validation': 0.0}","{'Apple': 0.6666666666666666, 'Avocado': 0.9127343244990304, 'Banana': 0.7618522601984564, 'Grape': 0.6679438058748404, 'Mango': 0.5085714285714286, 'Melon': 0.38202247191011235, 'Orange': 0.8383490971625107, 'Peach': 0.7586206896551724, 'Pear': 0.3037974683544304, 'Tomato': 0.8421052631578947, 'train': 0.0, 'validation': 0.0}","{'Apple': 0.7387687188019967, 'Avocado': 0.897933227344992, 'Banana': 0.7182952182952183, 'Grape': 0.658275645059786, 'Mango': 0.6137931034482759, 'Melon': 0.4594594594594595, 'Orange': 0.763807285546416, 'Peach': 0.8571428571428571, 'Pear': 0.4485981308411215, 'Tomato': 0.8163265306122449, 'train': 0.0, 'validation': 0.0}","{'Apple': 333, 'Avocado': 1547, 'Banana': 907, 'Grape': 783, 'Mango': 175, 'Melon': 178, 'Orange': 1163, 'Peach': 87, 'Pear': 79, 'Tomato': 760, 'train': 0, 'validation': 489}","[[222, 11, 34, 15, 1, 2, 28, 0, 0, 16, 4, 0], [1, 1412, 21, 63, 0, 4, 28, 0, 0, 16, 2, 0], [3, 22, 691, 42, 7, 10, 88, 0, 1, 25, 18, 0], [5, 75, 44, 523, 4, 5, 84, 0, 1, 13, 29, 0], [0, 14, 19, 14, 89, 2, 19, 0, 0, 12, 6, 0], [3, 7, 42, 10, 0, 68, 24, 0, 1, 10, 13, 0], [10, 18, 37, 39, 7, 16, 975, 1, 0, 50, 10, 0], [1, 1, 3, 0, 0, 0, 8, 66, 0, 7, 1, 0], [2, 1, 28, 6, 1, 1, 8, 0, 24, 1, 7, 0], [11, 21, 15, 19, 3, 6, 43, 0, 0, 640, 2, 0], [0, 0, 0, 0, 0, 0, 0, 0, 0, 0, 0, 0], [10, 16, 83, 75, 3, 4, 85, 0, 1, 18, 194, 0]]"
LightGBM,100,0.05,15,5,0.67220427626519,0.5810689197335938,0.488697342371581,0.5140847320674479,0.95027050000499,0.007353745576540354,6501,12,"['Apple', 'Avocado', 'Banana', 'Grape', 'Mango', 'Melon', 'Orange', 'Peach', 'Pear', 'Tomato', 'train', 'validation']","{'Apple': 0.7489711934156379, 'Avocado': 0.85065339141257, 'Banana': 0.6019138755980862, 'Grape': 0.6121134020618557, 'Mango': 0.7127659574468085, 'Melon': 0.46226415094339623, 'Orange': 0.6106369008535785, 'Peach': 0.9516129032258065, 'Pear': 0.68, 'Tomato': 0.7418952618453866, 'train': 0.0, 'validation': 0.0}","{'Apple': 0.5465465465465466, 'Avocado': 0.8836457659987071, 'Banana': 0.6934950385887542, 'Grape': 0.6066411238825032, 'Mango': 0.38285714285714284, 'Melon': 0.2752808988764045, 'Orange': 0.7996560619088564, 'Peach': 0.6781609195402298, 'Pear': 0.21518987341772153, 'Tomato': 0.7828947368421053, 'train': 0.0, 'validation': 0.0}","{'Apple': 0.6319444444444444, 'Avocado': 0.8668357641090678, 'Banana': 0.6444672131147541, 'Grape': 0.6093649775497113, 'Mango': 0.49814126394052044, 'Melon': 0.34507042253521125, 'Orange': 0.6924795234549516, 'Peach': 0.7919463087248322, 'Pear': 0.3269230769230769, 'Tomato': 0.7618437900128041, 'train': 0.0, 'validation': 0.0}","{'Apple': 333, 'Avocado': 1547, 'Banana': 907, 'Grape': 783, 'Mango': 175, 'Melon': 178, 'Orange': 1163, 'Peach': 87, 'Pear': 79, 'Tomato': 760, 'train': 0, 'validation': 489}","[[182, 22, 42, 15, 1, 6, 33, 0, 0, 28, 4, 0], [3, 1367, 29, 74, 0, 1, 54, 0, 0, 18, 1, 0], [12, 30, 629, 37, 4, 9, 138, 0, 1, 30, 17, 0], [12, 95, 51, 475, 5, 4, 109, 0, 3, 10, 19, 0], [0, 15, 26, 12, 67, 4, 35, 0, 0, 14, 2, 0], [3, 11, 55, 14, 1, 49, 23, 0, 1, 11, 10, 0], [10, 25, 59, 44, 3, 21, 930, 3, 0, 59, 9, 0], [0, 0, 6, 0, 0, 0, 12, 59, 0, 9, 1, 0], [4, 1, 31, 6, 1, 1, 8, 0, 17, 5, 5, 0], [8, 26, 24, 18, 9, 7, 58, 0, 0, 595, 15, 0], [0, 0, 0, 0, 0, 0, 0, 0, 0, 0, 0, 0], [9, 15, 93, 81, 3, 4, 123, 0, 3, 23, 135, 0]]"
LightGBM,100,0.05,15,10,0.6820489155514536,0.6057597878182502,0.5108195335778448,0.537505966346225,1.327153599995654,0.009175419167140859,6501,12,"['Apple', 'Avocado', 'Banana', 'Grape', 'Mango', 'Melon', 'Orange', 'Peach', 'Pear', 'Tomato', 'train', 'validation']","{'Apple': 0.7529880478087649, 'Avocado': 0.8502175264139217, 'Banana': 0.612934362934363, 'Grape': 0.6059850374064838, 'Mango': 0.7553191489361702, 'Melon': 0.48695652173913045, 'Orange': 0.627751834556371, 'Peach': 0.9558823529411765, 'Pear': 0.8518518518518519, 'Tomato': 0.7692307692307693, 'train': 0.0, 'validation': 0.0}","{'Apple': 0.5675675675675675, 'Avocado': 0.8842921784098254, 'Banana': 0.7001102535832414, 'Grape': 0.6206896551724138, 'Mango': 0.4057142857142857, 'Melon': 0.3146067415730337, 'Orange': 0.8091143594153053, 'Peach': 0.7471264367816092, 'Pear': 0.2911392405063291, 'Tomato': 0.7894736842105263, 'train': 0.0, 'validation': 0.0}","{'Apple': 0.6472602739726028, 'Avocado': 0.8669201520912547, 'Banana': 0.6536284096757591, 'Grape': 0.6132492113564669, 'Mango': 0.5278810408921933, 'Melon': 0.3822525597269625, 'Orange': 0.7069872276483846, 'Peach': 0.8387096774193549, 'Pear': 0.4339622641509434, 'Tomato': 0.7792207792207793, 'train': 0.0, 'validation': 0.0}","{'Apple': 333, 'Avocado': 1547, 'Banana': 907, 'Grape': 783, 'Mango': 175, 'Melon': 178, 'Orange': 1163, 'Peach': 87, 'Pear': 79, 'Tomato': 760, 'train': 0, 'validation': 489}","[[189, 20, 41, 16, 2, 4, 37, 0, 0, 21, 3, 0], [2, 1368, 26, 82, 0, 3, 52, 0, 0, 14, 0, 0], [12, 32, 635, 39, 4, 11, 129, 0, 1, 25, 19, 0], [13, 88, 57, 486, 3, 6, 104, 0, 1, 10, 15, 0], [0, 17, 21, 12, 71, 3, 33, 0, 0, 16, 2, 0], [3, 12, 47, 15, 1, 56, 22, 0, 1, 10, 11, 0], [10, 26, 57, 44, 3, 19, 941, 3, 0, 50, 10, 0], [0, 0, 3, 0, 0, 0, 11, 65, 0, 8, 0, 0], [5, 1, 30, 6, 1, 1, 7, 0, 23, 3, 2, 0], [7, 31, 27, 17, 6, 8, 52, 0, 0, 600, 12, 0], [0, 0, 0, 0, 0, 0, 0, 0, 0, 0, 0, 0], [10, 14, 92, 85, 3, 4, 111, 0, 1, 23, 146, 0]]"
LightGBM,100,0.05,15,-1,0.6808183356406706,0.6022008722805667,0.507150006919661,0.5328398537530249,1.4597348000097554,0.008714890016435974,6501,12,"['Apple', 'Avocado', 'Banana', 'Grape', 'Mango', 'Melon', 'Orange', 'Peach', 'Pear', 'Tomato', 'train', 'validation']","{'Apple': 0.7529880478087649, 'Avocado': 0.8479205462445686, 'Banana': 0.6122840690978887, 'Grape': 0.6130653266331658, 'Mango': 0.7346938775510204, 'Melon': 0.4864864864864865, 'Orange': 0.6267652992602556, 'Peach': 0.9558823529411765, 'Pear': 0.8333333333333334, 'Tomato': 0.7629911280101395, 'train': 0.0, 'validation': 0.0}","{'Apple': 0.5675675675675675, 'Avocado': 0.8829993535875889, 'Banana': 0.7034178610804851, 'Grape': 0.6232439335887612, 'Mango': 0.4114285714285714, 'Melon': 0.30337078651685395, 'Orange': 0.8013757523645744, 'Peach': 0.7471264367816092, 'Pear': 0.25316455696202533, 'Tomato': 0.7921052631578948, 'train': 0.0, 'validation': 0.0}","{'Apple': 0.6472602739726028, 'Avocado': 0.8651044965167828, 'Banana': 0.6546947152385839, 'Grape': 0.6181127295756809, 'Mango': 0.5274725274725275, 'Melon': 0.3737024221453287, 'Orange': 0.7033962264150944, 'Peach': 0.8387096774193549, 'Pear': 0.3883495145631068, 'Tomato': 0.7772756617172369, 'train': 0.0, 'validation': 0.0}","{'Apple': 333, 'Avocado': 1547, 'Banana': 907, 'Grape': 783, 'Mango': 175, 'Melon': 178, 'Orange': 1163, 'Peach': 87, 'Pear': 79, 'Tomato': 760, 'train': 0, 'validation': 489}","[[189, 22, 37, 16, 2, 5, 33, 0, 0, 25, 4, 0], [2, 1366, 30, 80, 0, 4, 51, 0, 0, 13, 1, 0], [12, 32, 638, 36, 4, 11, 126, 0, 1, 29, 18, 0], [12, 90, 53, 488, 4, 6, 101, 0, 0, 11, 18, 0], [0, 17, 21, 11, 72, 4, 33, 0, 1, 15, 1, 0], [4, 12, 52, 12, 1, 54, 23, 0, 1, 9, 10, 0], [10, 28, 61, 45, 5, 15, 932, 3, 0, 52, 12, 0], [1, 0, 4, 0, 0, 0, 9, 65, 0, 8, 0, 0], [5, 1, 31, 6, 1, 1, 8, 0, 20, 3, 3, 0], [8, 29, 24, 19, 7, 7, 53, 0, 0, 602, 11, 0], [0, 0, 0, 0, 0, 0, 0, 0, 0, 0, 0, 0], [8, 14, 91, 83, 2, 4, 118, 0, 1, 22, 146, 0]]"
LightGBM,100,0.05,31,5,0.688663282571912,0.6023492994974393,0.5059957001895629,0.5329257749582033,1.5663363999919966,0.00877511152274015,6501,12,"['Apple', 'Avocado', 'Banana', 'Grape', 'Mango', 'Melon', 'Orange', 'Peach', 'Pear', 'Tomato', 'train', 'validation']","{'Apple': 0.7808764940239044, 'Avocado': 0.8570544554455446, 'Banana': 0.6271676300578035, 'Grape': 0.6203346203346203, 'Mango': 0.7040816326530612, 'Melon': 0.5408163265306123, 'Orange': 0.6346666666666667, 'Peach': 0.9230769230769231, 'Pear': 0.7692307692307693, 'Tomato': 0.7708860759493671, 'train': 0.0, 'validation': 0.0}","{'Apple': 0.5885885885885885, 'Avocado': 0.8952811893988365, 'Banana': 0.7177508269018743, 'Grape': 0.6155810983397191, 'Mango': 0.3942857142857143, 'Melon': 0.29775280898876405, 'Orange': 0.8185726569217541, 'Peach': 0.6896551724137931, 'Pear': 0.25316455696202533, 'Tomato': 0.8013157894736842, 'train': 0.0, 'validation': 0.0}","{'Apple': 0.6712328767123288, 'Avocado': 0.8757508694277585, 'Banana': 0.6694087403598972, 'Grape': 0.617948717948718, 'Mango': 0.5054945054945055, 'Melon': 0.38405797101449274, 'Orange': 0.7149831017649267, 'Peach': 0.7894736842105263, 'Pear': 0.38095238095238093, 'Tomato': 0.7858064516129032, 'train': 0.0, 'validation': 0.0}","{'Apple': 333, 'Avocado': 1547, 'Banana': 907, 'Grape': 783, 'Mango': 175, 'Melon': 178, 'Orange': 1163, 'Peach': 87, 'Pear': 79, 'Tomato': 760, 'train': 0, 'validation': 489}","[[196, 18, 40, 17, 0, 3, 35, 0, 0, 22, 2, 0], [2, 1385, 25, 67, 0, 2, 50, 0, 0, 14, 2, 0], [8, 24, 651, 40, 8, 6, 122, 1, 1, 28, 18, 0], [10, 95, 53, 482, 4, 3, 103, 0, 1, 9, 23, 0], [0, 16, 23, 11, 69, 3, 32, 0, 1, 17, 3, 0], [2, 11, 52, 12, 0, 53, 23, 0, 1, 10, 14, 0], [7, 24, 49, 44, 7, 16, 952, 3, 0, 51, 10, 0], [1, 1, 6, 0, 0, 0, 11, 60, 0, 8, 0, 0], [3, 1, 30, 5, 1, 1, 11, 0, 20, 3, 4, 0], [11, 23, 24, 20, 5, 5, 50, 0, 0, 609, 13, 0], [0, 0, 0, 0, 0, 0, 0, 0, 0, 0, 0, 0], [11, 18, 85, 79, 4, 6, 111, 1, 2, 19, 153, 0]]"
LightGBM,100,0.05,31,10,0.714659283187202,0.6214630891027483,0.5405405576954084,0.5652046217900352,1.6857664000126533,0.011918258726759574,6501,12,"['Apple', 'Avocado', 'Banana', 'Grape', 'Mango', 'Melon', 'Orange', 'Peach', 'Pear', 'Tomato', 'train', 'validation']","{'Apple': 0.7962264150943397, 'Avocado': 0.8844221105527639, 'Banana': 0.6686332350049164, 'Grape': 0.6342364532019704, 'Mango': 0.7307692307692307, 'Melon': 0.5470085470085471, 'Orange': 0.6868758915834522, 'Peach': 0.9571428571428572, 'Pear': 0.7741935483870968, 'Tomato': 0.7780487804878049, 'train': 0.0, 'validation': 0.0}","{'Apple': 0.6336336336336337, 'Avocado': 0.9101486748545572, 'Banana': 0.7497243660418964, 'Grape': 0.6577266922094508, 'Mango': 0.4342857142857143, 'Melon': 0.3595505617977528, 'Orange': 0.828030954428203, 'Peach': 0.7701149425287356, 'Pear': 0.3037974683544304, 'Tomato': 0.8394736842105263, 'train': 0.0, 'validation': 0.0}","{'Apple': 0.705685618729097, 'Avocado': 0.897100987575661, 'Banana': 0.7068607068607069, 'Grape': 0.64576802507837, 'Mango': 0.5448028673835126, 'Melon': 0.43389830508474575, 'Orange': 0.7508771929824561, 'Peach': 0.8535031847133758, 'Pear': 0.43636363636363634, 'Tomato': 0.8075949367088607, 'train': 0.0, 'validation': 0.0}","{'Apple': 333, 'Avocado': 1547, 'Banana': 907, 'Grape': 783, 'Mango': 175, 'Melon': 178, 'Orange': 1163, 'Peach': 87, 'Pear': 79, 'Tomato': 760, 'train': 0, 'validation': 489}","[[211, 12, 36, 17, 0, 3, 31, 0, 0, 21, 2, 0], [3, 1408, 21, 66, 0, 3, 30, 0, 0, 14, 2, 0], [8, 23, 680, 46, 5, 9, 92, 1, 1, 26, 16, 0], [10, 74, 42, 515, 6, 5, 86, 0, 3, 15, 27, 0], [0, 14, 21, 11, 76, 3, 26, 0, 0, 18, 6, 0], [3, 11, 42, 12, 0, 64, 22, 0, 0, 12, 12, 0], [12, 17, 40, 42, 7, 19, 963, 2, 1, 48, 12, 0], [1, 0, 3, 0, 0, 0, 6, 67, 0, 8, 2, 0], [2, 1, 32, 6, 1, 0, 7, 0, 24, 1, 5, 0], [5, 17, 21, 19, 5, 6, 42, 0, 0, 638, 7, 0], [0, 0, 0, 0, 0, 0, 0, 0, 0, 0, 0, 0], [10, 15, 79, 78, 4, 5, 97, 0, 2, 19, 180, 0]]"
LightGBM,100,0.05,31,-1,0.7152745731425935,0.6157321880536042,0.5392979211509948,0.5621141167300345,1.9134761999885086,0.012646469773864782,6501,12,"['Apple', 'Avocado', 'Banana', 'Grape', 'Mango', 'Melon', 'Orange', 'Peach', 'Pear', 'Tomato', 'train', 'validation']","{'Apple': 0.7969924812030075, 'Avocado': 0.8780336029869322, 'Banana': 0.6653620352250489, 'Grape': 0.6420525657071339, 'Mango': 0.7105263157894737, 'Melon': 0.5344827586206896, 'Orange': 0.690050107372942, 'Peach': 0.9295774647887324, 'Pear': 0.7586206896551724, 'Tomato': 0.7830882352941176, 'train': 0.0, 'validation': 0.0}","{'Apple': 0.6366366366366366, 'Avocado': 0.9120879120879121, 'Banana': 0.7497243660418964, 'Grape': 0.6551724137931034, 'Mango': 0.46285714285714286, 'Melon': 0.34831460674157305, 'Orange': 0.8288907996560619, 'Peach': 0.7586206896551724, 'Pear': 0.27848101265822783, 'Tomato': 0.8407894736842105, 'train': 0.0, 'validation': 0.0}","{'Apple': 0.7078464106844741, 'Avocado': 0.8947368421052632, 'Banana': 0.705028512182478, 'Grape': 0.6485461441213654, 'Mango': 0.5605536332179931, 'Melon': 0.4217687074829932, 'Orange': 0.753125, 'Peach': 0.8354430379746836, 'Pear': 0.4074074074074074, 'Tomato': 0.8109137055837563, 'train': 0.0, 'validation': 0.0}","{'Apple': 333, 'Avocado': 1547, 'Banana': 907, 'Grape': 783, 'Mango': 175, 'Melon': 178, 'Orange': 1163, 'Peach': 87, 'Pear': 79, 'Tomato': 760, 'train': 0, 'validation': 489}","[[212, 15, 38, 13, 1, 3, 28, 0, 0, 19, 4, 0], [2, 1411, 19, 60, 0, 3, 32, 0, 0, 17, 3, 0], [8, 23, 680, 45, 9, 11, 89, 2, 0, 26, 14, 0], [9, 77, 47, 513, 6, 6, 86, 0, 1, 14, 24, 0], [0, 15, 19, 12, 81, 2, 23, 0, 1, 15, 7, 0], [5, 10, 46, 10, 0, 62, 20, 0, 0, 12, 13, 0], [9, 20, 39, 42, 8, 17, 964, 2, 2, 49, 11, 0], [1, 0, 5, 0, 0, 0, 7, 66, 0, 7, 1, 0], [3, 1, 29, 5, 1, 1, 8, 1, 22, 2, 6, 0], [5, 20, 18, 19, 5, 5, 43, 0, 0, 639, 6, 0], [0, 0, 0, 0, 0, 0, 0, 0, 0, 0, 0, 0], [12, 15, 82, 80, 3, 6, 97, 0, 3, 16, 175, 0]]"
LightGBM,100,0.05,63,5,0.6888171050607599,0.6033113499041836,0.506165413148501,0.5330340341937719,1.4939181000227109,0.009867558834555423,6501,12,"['Apple', 'Avocado', 'Banana', 'Grape', 'Mango', 'Melon', 'Orange', 'Peach', 'Pear', 'Tomato', 'train', 'validation']","{'Apple': 0.7868852459016393, 'Avocado': 0.8555555555555555, 'Banana': 0.6297376093294461, 'Grape': 0.6172370088719898, 'Mango': 0.69, 'Melon': 0.5339805825242718, 'Orange': 0.636849132176235, 'Peach': 0.9230769230769231, 'Pear': 0.8, 'Tomato': 0.7664141414141414, 'train': 0.0, 'validation': 0.0}","{'Apple': 0.5765765765765766, 'Avocado': 0.8959276018099548, 'Banana': 0.7144432194046306, 'Grape': 0.6219667943805874, 'Mango': 0.3942857142857143, 'Melon': 0.3089887640449438, 'Orange': 0.820292347377472, 'Peach': 0.6896551724137931, 'Pear': 0.25316455696202533, 'Tomato': 0.7986842105263158, 'train': 0.0, 'validation': 0.0}","{'Apple': 0.6655112651646448, 'Avocado': 0.8752762867066625, 'Banana': 0.6694214876033058, 'Grape': 0.6195928753180662, 'Mango': 0.5018181818181818, 'Melon': 0.3914590747330961, 'Orange': 0.7170236753100339, 'Peach': 0.7894736842105263, 'Pear': 0.38461538461538464, 'Tomato': 0.7822164948453608, 'train': 0.0, 'validation': 0.0}","{'Apple': 333, 'Avocado': 1547, 'Banana': 907, 'Grape': 783, 'Mango': 175, 'Melon': 178, 'Orange': 1163, 'Peach': 87, 'Pear': 79, 'Tomato': 760, 'train': 0, 'validation': 489}","[[192, 19, 38, 19, 1, 3, 37, 0, 0, 21, 3, 0], [3, 1386, 23, 73, 0, 2, 44, 0, 0, 14, 2, 0], [7, 26, 648, 42, 10, 8, 118, 1, 1, 29, 17, 0], [11, 94, 49, 487, 5, 4, 99, 1, 1, 11, 21, 0], [0, 18, 20, 12, 69, 4, 34, 0, 0, 15, 3, 0], [3, 13, 51, 12, 0, 55, 22, 0, 1, 11, 10, 0], [7, 23, 51, 42, 6, 16, 954, 3, 0, 51, 10, 0], [1, 1, 5, 0, 0, 0, 12, 60, 0, 8, 0, 0], [1, 1, 34, 5, 1, 1, 10, 0, 20, 3, 3, 0], [9, 22, 22, 23, 7, 6, 53, 0, 0, 607, 11, 0], [0, 0, 0, 0, 0, 0, 0, 0, 0, 0, 0, 0], [10, 17, 88, 74, 1, 4, 115, 0, 2, 22, 156, 0]]"
LightGBM,100,0.05,63,10,0.7403476388247962,0.6521745886432518,0.5700575360180961,0.5950664281519481,2.861947400000645,0.012663128750905603,6501,12,"['Apple', 'Avocado', 'Banana', 'Grape', 'Mango', 'Melon', 'Orange', 'Peach', 'Pear', 'Tomato', 'train', 'validation']","{'Apple': 0.823321554770318, 'Avocado': 0.8999370673379484, 'Banana': 0.7062374245472837, 'Grape': 0.655421686746988, 'Mango': 0.7851239669421488, 'Melon': 0.5555555555555556, 'Orange': 0.7272058823529411, 'Peach': 1.0, 'Pear': 0.8571428571428571, 'Tomato': 0.8161490683229814, 'train': 0.0, 'validation': 0.0}","{'Apple': 0.6996996996996997, 'Avocado': 0.9243697478991597, 'Banana': 0.7739801543550165, 'Grape': 0.6947637292464879, 'Mango': 0.5428571428571428, 'Melon': 0.39325842696629215, 'Orange': 0.8503869303525365, 'Peach': 0.7931034482758621, 'Pear': 0.3037974683544304, 'Tomato': 0.8644736842105263, 'train': 0.0, 'validation': 0.0}","{'Apple': 0.7564935064935064, 'Avocado': 0.9119897959183674, 'Banana': 0.7385586533403472, 'Grape': 0.6745195288282703, 'Mango': 0.6418918918918919, 'Melon': 0.4605263157894737, 'Orange': 0.7839873166864844, 'Peach': 0.8846153846153846, 'Pear': 0.4485981308411215, 'Tomato': 0.8396166134185303, 'train': 0.0, 'validation': 0.0}","{'Apple': 333, 'Avocado': 1547, 'Banana': 907, 'Grape': 783, 'Mango': 175, 'Melon': 178, 'Orange': 1163, 'Peach': 87, 'Pear': 79, 'Tomato': 760, 'train': 0, 'validation': 489}","[[233, 10, 24, 13, 1, 2, 26, 0, 0, 20, 4, 0], [1, 1430, 14, 59, 0, 1, 24, 0, 0, 15, 3, 0], [5, 19, 702, 47, 10, 11, 71, 0, 0, 23, 19, 0], [10, 65, 38, 544, 6, 8, 71, 0, 1, 11, 29, 0], [2, 11, 16, 13, 95, 4, 19, 0, 0, 10, 5, 0], [2, 8, 37, 11, 0, 70, 27, 0, 1, 10, 12, 0], [11, 17, 34, 40, 3, 18, 989, 0, 0, 40, 11, 0], [1, 0, 5, 0, 0, 0, 6, 69, 0, 5, 1, 0], [1, 1, 31, 6, 1, 2, 7, 0, 24, 0, 6, 0], [6, 14, 14, 21, 3, 5, 36, 0, 0, 657, 4, 0], [0, 0, 0, 0, 0, 0, 0, 0, 0, 0, 0, 0], [11, 14, 79, 76, 2, 5, 84, 0, 2, 14, 202, 0]]"
LightGBM,100,0.05,63,-1,0.7449623134902322,0.6513105843718762,0.5753365970477425,0.6001319777262775,2.939429099991685,0.01338734040970842,6501,12,"['Apple', 'Avocado', 'Banana', 'Grape', 'Mango', 'Melon', 'Orange', 'Peach', 'Pear', 'Tomato', 'train', 'validation']","{'Apple': 0.8428571428571429, 'Avocado': 0.901443816698054, 'Banana': 0.7124378109452736, 'Grape': 0.674074074074074, 'Mango': 0.75, 'Melon': 0.5666666666666667, 'Orange': 0.736255572065379, 'Peach': 1.0, 'Pear': 0.8181818181818182, 'Tomato': 0.813810110974106, 'train': 0.0, 'validation': 0.0}","{'Apple': 0.7087087087087087, 'Avocado': 0.9282482223658695, 'Banana': 0.7894156560088202, 'Grape': 0.6973180076628352, 'Mango': 0.5314285714285715, 'Melon': 0.38202247191011235, 'Orange': 0.8521066208082545, 'Peach': 0.8045977011494253, 'Pear': 0.34177215189873417, 'Tomato': 0.868421052631579, 'train': 0.0, 'validation': 0.0}","{'Apple': 0.7699836867862969, 'Avocado': 0.9146496815286624, 'Banana': 0.7489539748953975, 'Grape': 0.6854990583804144, 'Mango': 0.6220735785953178, 'Melon': 0.4563758389261745, 'Orange': 0.7899561578318055, 'Peach': 0.89171974522293, 'Pear': 0.48214285714285715, 'Tomato': 0.8402291534054742, 'train': 0.0, 'validation': 0.0}","{'Apple': 333, 'Avocado': 1547, 'Banana': 907, 'Grape': 783, 'Mango': 175, 'Melon': 178, 'Orange': 1163, 'Peach': 87, 'Pear': 79, 'Tomato': 760, 'train': 0, 'validation': 489}","[[236, 8, 24, 13, 1, 2, 24, 0, 0, 19, 6, 0], [0, 1436, 17, 54, 0, 2, 20, 0, 0, 16, 2, 0], [3, 19, 716, 43, 9, 9, 68, 0, 1, 21, 18, 0], [6, 65, 40, 546, 4, 8, 69, 0, 1, 17, 27, 0], [0, 12, 16, 12, 93, 6, 18, 0, 0, 13, 5, 0], [2, 8, 40, 9, 2, 68, 26, 0, 1, 10, 12, 0], [12, 17, 33, 32, 7, 16, 991, 0, 0, 39, 16, 0], [1, 1, 4, 0, 0, 0, 6, 70, 0, 3, 2, 0], [2, 1, 27, 5, 1, 2, 7, 0, 27, 0, 7, 0], [7, 13, 12, 21, 4, 3, 35, 0, 0, 660, 5, 0], [0, 0, 0, 0, 0, 0, 0, 0, 0, 0, 0, 0], [11, 13, 76, 75, 3, 4, 82, 0, 3, 13, 209, 0]]"
LightGBM,100,0.1,15,5,0.7023534840793724,0.5934203964682686,0.5289408685984974,0.547579741490492,1.1754903999972157,0.00699740039844251,6501,12,"['Apple', 'Avocado', 'Banana', 'Grape', 'Mango', 'Melon', 'Orange', 'Peach', 'Pear', 'Tomato', 'train', 'validation']","{'Apple': 0.7938931297709924, 'Avocado': 0.8704630788485607, 'Banana': 0.6507462686567164, 'Grape': 0.6348808030112923, 'Mango': 0.7142857142857143, 'Melon': 0.4645669291338583, 'Orange': 0.6627177700348432, 'Peach': 0.9078947368421053, 'Pear': 0.6428571428571429, 'Tomato': 0.7787391841779975, 'train': 0.0, 'validation': 0.0}","{'Apple': 0.6246246246246246, 'Avocado': 0.8991596638655462, 'Banana': 0.721058434399118, 'Grape': 0.6462324393358876, 'Mango': 0.45714285714285713, 'Melon': 0.33146067415730335, 'Orange': 0.8177128116938951, 'Peach': 0.7931034482758621, 'Pear': 0.22784810126582278, 'Tomato': 0.8289473684210527, 'train': 0.0, 'validation': 0.0}","{'Apple': 0.6991596638655462, 'Avocado': 0.8845786963434022, 'Banana': 0.6841004184100419, 'Grape': 0.640506329113924, 'Mango': 0.5574912891986062, 'Melon': 0.38688524590163936, 'Orange': 0.7321016166281755, 'Peach': 0.8466257668711656, 'Pear': 0.3364485981308411, 'Tomato': 0.8030592734225621, 'train': 0.0, 'validation': 0.0}","{'Apple': 333, 'Avocado': 1547, 'Banana': 907, 'Grape': 783, 'Mango': 175, 'Melon': 178, 'Orange': 1163, 'Peach': 87, 'Pear': 79, 'Tomato': 760, 'train': 0, 'validation': 489}","[[208, 15, 32, 13, 1, 8, 31, 0, 1, 22, 2, 0], [0, 1391, 26, 68, 0, 3, 37, 0, 0, 21, 1, 0], [7, 25, 654, 42, 5, 11, 115, 2, 0, 23, 23, 0], [13, 78, 43, 506, 6, 6, 90, 1, 4, 11, 25, 0], [0, 14, 21, 11, 80, 6, 27, 0, 1, 10, 5, 0], [3, 11, 44, 13, 1, 59, 22, 0, 0, 13, 12, 0], [10, 26, 43, 41, 8, 18, 951, 3, 1, 52, 10, 0], [1, 0, 3, 0, 0, 0, 8, 69, 0, 5, 1, 0], [3, 1, 30, 6, 1, 3, 11, 0, 18, 3, 3, 0], [7, 21, 20, 14, 8, 7, 40, 0, 1, 630, 12, 0], [0, 0, 0, 0, 0, 0, 0, 0, 0, 0, 0, 0], [10, 16, 89, 83, 2, 6, 103, 1, 2, 19, 158, 0]]"
LightGBM,100,0.1,15,10,0.7071219812336563,0.609664365991578,0.5337131721888236,0.5547498436416981,1.0137755000032485,0.00652439624739135,6501,12,"['Apple', 'Avocado', 'Banana', 'Grape', 'Mango', 'Melon', 'Orange', 'Peach', 'Pear', 'Tomato', 'train', 'validation']","{'Apple': 0.7827715355805244, 'Avocado': 0.8714909544603868, 'Banana': 0.6606786427145709, 'Grape': 0.6358024691358025, 'Mango': 0.7207207207207207, 'Melon': 0.5221238938053098, 'Orange': 0.6682995101469559, 'Peach': 0.8961038961038961, 'Pear': 0.7692307692307693, 'Tomato': 0.78875, 'train': 0.0, 'validation': 0.0}","{'Apple': 0.6276276276276276, 'Avocado': 0.903038138332256, 'Banana': 0.7298787210584344, 'Grape': 0.6577266922094508, 'Mango': 0.45714285714285713, 'Melon': 0.33146067415730335, 'Orange': 0.821152192605331, 'Peach': 0.7931034482758621, 'Pear': 0.25316455696202533, 'Tomato': 0.8302631578947368, 'train': 0.0, 'validation': 0.0}","{'Apple': 0.6966666666666667, 'Avocado': 0.886984126984127, 'Banana': 0.6935568360398114, 'Grape': 0.6465787821720025, 'Mango': 0.5594405594405595, 'Melon': 0.4054982817869416, 'Orange': 0.7368827160493827, 'Peach': 0.8414634146341463, 'Pear': 0.38095238095238093, 'Tomato': 0.808974358974359, 'train': 0.0, 'validation': 0.0}","{'Apple': 333, 'Avocado': 1547, 'Banana': 907, 'Grape': 783, 'Mango': 175, 'Melon': 178, 'Orange': 1163, 'Peach': 87, 'Pear': 79, 'Tomato': 760, 'train': 0, 'validation': 489}","[[209, 16, 35, 13, 1, 4, 29, 0, 0, 22, 4, 0], [1, 1397, 26, 70, 0, 2, 33, 0, 0, 18, 0, 0], [8, 23, 662, 46, 3, 11, 109, 2, 0, 21, 22, 0], [12, 83, 41, 515, 7, 5, 87, 0, 1, 11, 21, 0], [0, 12, 23, 12, 80, 3, 30, 0, 0, 12, 3, 0], [3, 12, 37, 13, 1, 59, 27, 1, 0, 12, 13, 0], [10, 25, 44, 41, 8, 17, 955, 3, 2, 47, 11, 0], [2, 0, 3, 0, 0, 0, 6, 69, 0, 6, 1, 0], [3, 1, 32, 5, 1, 2, 7, 1, 20, 2, 5, 0], [6, 19, 20, 20, 6, 6, 42, 0, 2, 631, 8, 0], [0, 0, 0, 0, 0, 0, 0, 0, 0, 0, 0, 0], [13, 15, 79, 75, 4, 4, 104, 1, 1, 18, 175, 0]]"
LightGBM,100,0.1,15,-1,0.7085063836332872,0.597767538411223,0.5367405436958192,0.553921192336957,1.0841834000020754,0.009189801567442254,6501,12,"['Apple', 'Avocado', 'Banana', 'Grape', 'Mango', 'Melon', 'Orange', 'Peach', 'Pear', 'Tomato', 'train', 'validation']","{'Apple': 0.7717391304347826, 'Avocado': 0.8771159874608151, 'Banana': 0.6633165829145728, 'Grape': 0.6343558282208589, 'Mango': 0.7017543859649122, 'Melon': 0.5378151260504201, 'Orange': 0.6737138830162086, 'Peach': 0.8875, 'Pear': 0.6428571428571429, 'Tomato': 0.7830423940149626, 'train': 0.0, 'validation': 0.0}","{'Apple': 0.6396396396396397, 'Avocado': 0.9043309631544926, 'Banana': 0.7276736493936052, 'Grape': 0.6602809706257982, 'Mango': 0.45714285714285713, 'Melon': 0.3595505617977528, 'Orange': 0.82201203783319, 'Peach': 0.8160919540229885, 'Pear': 0.22784810126582278, 'Tomato': 0.8263157894736842, 'train': 0.0, 'validation': 0.0}","{'Apple': 0.6995073891625616, 'Avocado': 0.890515595162317, 'Banana': 0.694006309148265, 'Grape': 0.6470588235294118, 'Mango': 0.5536332179930796, 'Melon': 0.43097643097643096, 'Orange': 0.7405112316034083, 'Peach': 0.8502994011976048, 'Pear': 0.3364485981308411, 'Tomato': 0.8040973111395646, 'train': 0.0, 'validation': 0.0}","{'Apple': 333, 'Avocado': 1547, 'Banana': 907, 'Grape': 783, 'Mango': 175, 'Melon': 178, 'Orange': 1163, 'Peach': 87, 'Pear': 79, 'Tomato': 760, 'train': 0, 'validation': 489}","[[213, 10, 29, 18, 1, 4, 32, 0, 0, 23, 3, 0], [3, 1399, 26, 67, 0, 1, 34, 0, 0, 17, 0, 0], [9, 25, 660, 42, 4, 12, 102, 2, 4, 26, 21, 0], [12, 81, 43, 517, 7, 5, 86, 0, 1, 11, 20, 0], [0, 13, 20, 13, 80, 3, 29, 0, 1, 13, 3, 0], [4, 11, 36, 11, 3, 64, 26, 2, 0, 11, 10, 0], [10, 22, 44, 45, 6, 19, 956, 3, 2, 46, 10, 0], [2, 0, 2, 0, 0, 0, 5, 71, 0, 6, 1, 0], [2, 1, 31, 5, 1, 1, 9, 1, 18, 3, 7, 0], [8, 19, 18, 21, 7, 5, 42, 1, 0, 628, 11, 0], [0, 0, 0, 0, 0, 0, 0, 0, 0, 0, 0, 0], [13, 14, 86, 76, 5, 5, 98, 0, 2, 18, 172, 0]]"
LightGBM,100,0.1,31,5,0.7177357329641594,0.6153284768062423,0.5439159655763417,0.5646227314473432,1.25199769999017,0.008918427934536618,6501,12,"['Apple', 'Avocado', 'Banana', 'Grape', 'Mango', 'Melon', 'Orange', 'Peach', 'Pear', 'Tomato', 'train', 'validation']","{'Apple': 0.8089887640449438, 'Avocado': 0.8933080808080808, 'Banana': 0.6693467336683417, 'Grape': 0.6394640682095006, 'Mango': 0.7241379310344828, 'Melon': 0.5491803278688525, 'Orange': 0.6911554921540656, 'Peach': 0.9210526315789473, 'Pear': 0.6923076923076923, 'Tomato': 0.795, 'train': 0.0, 'validation': 0.0}","{'Apple': 0.6486486486486487, 'Avocado': 0.9146735617323852, 'Banana': 0.7342888643880926, 'Grape': 0.6704980842911877, 'Mango': 0.48, 'Melon': 0.37640449438202245, 'Orange': 0.8331900257953568, 'Peach': 0.8045977011494253, 'Pear': 0.22784810126582278, 'Tomato': 0.8368421052631579, 'train': 0.0, 'validation': 0.0}","{'Apple': 0.72, 'Avocado': 0.9038645800063877, 'Banana': 0.7003154574132492, 'Grape': 0.6546134663341646, 'Mango': 0.5773195876288659, 'Melon': 0.44666666666666666, 'Orange': 0.7555555555555555, 'Peach': 0.8588957055214724, 'Pear': 0.34285714285714286, 'Tomato': 0.8153846153846154, 'train': 0.0, 'validation': 0.0}","{'Apple': 333, 'Avocado': 1547, 'Banana': 907, 'Grape': 783, 'Mango': 175, 'Melon': 178, 'Orange': 1163, 'Peach': 87, 'Pear': 79, 'Tomato': 760, 'train': 0, 'validation': 489}","[[216, 12, 32, 15, 2, 6, 28, 0, 0, 20, 2, 0], [0, 1415, 20, 64, 2, 1, 27, 0, 0, 15, 3, 0], [9, 22, 666, 50, 5, 9, 99, 1, 1, 24, 21, 0], [12, 69, 42, 525, 5, 8, 78, 0, 4, 11, 29, 0], [1, 8, 21, 16, 84, 4, 25, 0, 0, 9, 7, 0], [2, 7, 38, 12, 0, 67, 23, 0, 0, 17, 12, 0], [9, 17, 42, 39, 8, 14, 969, 3, 1, 43, 18, 0], [1, 0, 2, 0, 0, 0, 9, 70, 0, 4, 1, 0], [2, 0, 30, 8, 1, 4, 10, 0, 18, 3, 3, 0], [5, 20, 16, 20, 6, 5, 40, 1, 0, 636, 11, 0], [0, 0, 0, 0, 0, 0, 0, 0, 0, 0, 0, 0], [10, 14, 86, 72, 3, 4, 94, 1, 2, 18, 185, 0]]"
LightGBM,100,0.1,31,10,0.7337332718043378,0.6314187706936909,0.5659265987657102,0.5859701433480221,1.5203971000155434,0.011455991386602535,6501,12,"['Apple', 'Avocado', 'Banana', 'Grape', 'Mango', 'Melon', 'Orange', 'Peach', 'Pear', 'Tomato', 'train', 'validation']","{'Apple': 0.8207885304659498, 'Avocado': 0.8988693467336684, 'Banana': 0.6980749746707193, 'Grape': 0.6616915422885572, 'Mango': 0.7295081967213115, 'Melon': 0.5528455284552846, 'Orange': 0.7231680236861584, 'Peach': 0.9125, 'Pear': 0.7741935483870968, 'Tomato': 0.8053855569155447, 'train': 0.0, 'validation': 0.0}","{'Apple': 0.6876876876876877, 'Avocado': 0.925016160310278, 'Banana': 0.7596471885336273, 'Grape': 0.6794380587484036, 'Mango': 0.5085714285714286, 'Melon': 0.38202247191011235, 'Orange': 0.8400687876182287, 'Peach': 0.8390804597701149, 'Pear': 0.3037974683544304, 'Tomato': 0.8657894736842106, 'train': 0.0, 'validation': 0.0}","{'Apple': 0.7483660130718954, 'Avocado': 0.9117553360942976, 'Banana': 0.7275607180570222, 'Grape': 0.6704473850031506, 'Mango': 0.5993265993265994, 'Melon': 0.45182724252491696, 'Orange': 0.7772474144789181, 'Peach': 0.874251497005988, 'Pear': 0.43636363636363634, 'Tomato': 0.8344958782498415, 'train': 0.0, 'validation': 0.0}","{'Apple': 333, 'Avocado': 1547, 'Banana': 907, 'Grape': 783, 'Mango': 175, 'Melon': 178, 'Orange': 1163, 'Peach': 87, 'Pear': 79, 'Tomato': 760, 'train': 0, 'validation': 489}","[[229, 9, 28, 13, 2, 4, 24, 0, 0, 19, 5, 0], [0, 1431, 18, 58, 0, 2, 21, 0, 0, 17, 0, 0], [5, 22, 689, 41, 6, 12, 80, 0, 1, 22, 29, 0], [11, 64, 44, 532, 5, 5, 69, 0, 3, 16, 34, 0], [0, 14, 16, 10, 89, 3, 25, 0, 0, 12, 6, 0], [1, 8, 34, 9, 2, 68, 30, 1, 0, 11, 14, 0], [12, 15, 37, 36, 9, 17, 977, 4, 1, 38, 17, 0], [1, 0, 3, 0, 0, 0, 6, 73, 0, 3, 1, 0], [2, 1, 26, 6, 1, 2, 7, 1, 24, 1, 8, 0], [7, 14, 13, 21, 5, 5, 31, 1, 1, 658, 4, 0], [0, 0, 0, 0, 0, 0, 0, 0, 0, 0, 0, 0], [11, 14, 79, 78, 3, 5, 81, 0, 1, 20, 197, 0]]"
LightGBM,100,0.1,31,-1,0.7355791416705122,0.630395788690858,0.5673049911692044,0.5879223394315778,1.4311981000064407,0.009036040609705906,6501,12,"['Apple', 'Avocado', 'Banana', 'Grape', 'Mango', 'Melon', 'Orange', 'Peach', 'Pear', 'Tomato', 'train', 'validation']","{'Apple': 0.8098591549295775, 'Avocado': 0.9030837004405287, 'Banana': 0.7024291497975709, 'Grape': 0.6487148102815178, 'Mango': 0.7295081967213115, 'Melon': 0.5267175572519084, 'Orange': 0.732488822652757, 'Peach': 0.972972972972973, 'Pear': 0.7352941176470589, 'Tomato': 0.803680981595092, 'train': 0.0, 'validation': 0.0}","{'Apple': 0.6906906906906907, 'Avocado': 0.9276018099547512, 'Banana': 0.7651598676957001, 'Grape': 0.6768837803320562, 'Mango': 0.5085714285714286, 'Melon': 0.38764044943820225, 'Orange': 0.8452278589853827, 'Peach': 0.8275862068965517, 'Pear': 0.31645569620253167, 'Tomato': 0.8618421052631579, 'train': 0.0, 'validation': 0.0}","{'Apple': 0.7455429497568882, 'Avocado': 0.9151785714285714, 'Banana': 0.7324538258575198, 'Grape': 0.6625, 'Mango': 0.5993265993265994, 'Melon': 0.44660194174757284, 'Orange': 0.7848303393213573, 'Peach': 0.8944099378881988, 'Pear': 0.4424778761061947, 'Tomato': 0.8317460317460318, 'train': 0.0, 'validation': 0.0}","{'Apple': 333, 'Avocado': 1547, 'Banana': 907, 'Grape': 783, 'Mango': 175, 'Melon': 178, 'Orange': 1163, 'Peach': 87, 'Pear': 79, 'Tomato': 760, 'train': 0, 'validation': 489}","[[230, 11, 24, 13, 0, 5, 25, 0, 0, 21, 4, 0], [1, 1435, 16, 56, 1, 3, 20, 0, 0, 13, 2, 0], [7, 19, 694, 46, 7, 11, 72, 0, 2, 21, 28, 0], [10, 66, 50, 530, 5, 4, 72, 0, 2, 14, 30, 0], [0, 12, 16, 12, 89, 4, 20, 0, 0, 15, 7, 0], [2, 8, 38, 12, 1, 69, 21, 0, 0, 13, 14, 0], [14, 11, 35, 40, 7, 21, 983, 1, 1, 38, 12, 0], [1, 0, 6, 0, 0, 0, 5, 72, 0, 2, 1, 0], [1, 1, 23, 8, 1, 3, 7, 1, 25, 1, 8, 0], [6, 15, 14, 17, 7, 6, 33, 0, 2, 655, 5, 0], [0, 0, 0, 0, 0, 0, 0, 0, 0, 0, 0, 0], [12, 11, 72, 83, 4, 5, 84, 0, 2, 22, 194, 0]]"
LightGBM,100,0.1,63,5,0.7180433779418551,0.6172297697763399,0.5423764494574432,0.5648269588014198,1.1738820000027772,0.009552207352980912,6501,12,"['Apple', 'Avocado', 'Banana', 'Grape', 'Mango', 'Melon', 'Orange', 'Peach', 'Pear', 'Tomato', 'train', 'validation']","{'Apple': 0.8134328358208955, 'Avocado': 0.8918918918918919, 'Banana': 0.6656596173212488, 'Grape': 0.6537013801756587, 'Mango': 0.7355371900826446, 'Melon': 0.5365853658536586, 'Orange': 0.6848056537102474, 'Peach': 0.9295774647887324, 'Pear': 0.6923076923076923, 'Tomato': 0.8032581453634086, 'train': 0.0, 'validation': 0.0}","{'Apple': 0.6546546546546547, 'Avocado': 0.9172592113768584, 'Banana': 0.7287761852260198, 'Grape': 0.665389527458493, 'Mango': 0.5085714285714286, 'Melon': 0.3707865168539326, 'Orange': 0.8331900257953568, 'Peach': 0.7586206896551724, 'Pear': 0.22784810126582278, 'Tomato': 0.843421052631579, 'train': 0.0, 'validation': 0.0}","{'Apple': 0.7254575707154742, 'Avocado': 0.904397705544933, 'Banana': 0.6957894736842105, 'Grape': 0.6594936708860759, 'Mango': 0.6013513513513513, 'Melon': 0.43853820598006643, 'Orange': 0.7517455391776571, 'Peach': 0.8354430379746836, 'Pear': 0.34285714285714286, 'Tomato': 0.8228498074454429, 'train': 0.0, 'validation': 0.0}","{'Apple': 333, 'Avocado': 1547, 'Banana': 907, 'Grape': 783, 'Mango': 175, 'Melon': 178, 'Orange': 1163, 'Peach': 87, 'Pear': 79, 'Tomato': 760, 'train': 0, 'validation': 489}","[[218, 12, 30, 14, 1, 4, 30, 0, 0, 21, 3, 0], [0, 1419, 23, 60, 0, 2, 25, 0, 0, 15, 3, 0], [9, 22, 661, 45, 6, 11, 103, 1, 1, 24, 24, 0], [11, 70, 39, 521, 6, 9, 83, 0, 4, 10, 30, 0], [0, 10, 23, 10, 89, 4, 26, 0, 0, 8, 5, 0], [4, 7, 37, 14, 0, 66, 26, 0, 0, 11, 13, 0], [7, 17, 43, 41, 8, 15, 969, 3, 1, 43, 16, 0], [1, 0, 6, 0, 0, 0, 9, 66, 0, 4, 1, 0], [1, 1, 33, 4, 1, 3, 10, 0, 18, 2, 6, 0], [5, 18, 18, 19, 4, 5, 41, 0, 0, 641, 9, 0], [0, 0, 0, 0, 0, 0, 0, 0, 0, 0, 0, 0], [12, 15, 80, 69, 6, 4, 93, 1, 2, 19, 188, 0]]"
LightGBM,100,0.1,63,10,0.7538840178434087,0.653297215648965,0.5829812068199366,0.6049003916384619,2.26202209998155,0.016702107368577187,6501,12,"['Apple', 'Avocado', 'Banana', 'Grape', 'Mango', 'Melon', 'Orange', 'Peach', 'Pear', 'Tomato', 'train', 'validation']","{'Apple': 0.8206896551724138, 'Avocado': 0.9138906348208674, 'Banana': 0.7269035532994924, 'Grape': 0.6829268292682927, 'Mango': 0.7619047619047619, 'Melon': 0.5185185185185185, 'Orange': 0.7579425113464447, 'Peach': 1.0, 'Pear': 0.8333333333333334, 'Tomato': 0.8234567901234567, 'train': 0.0, 'validation': 0.0}","{'Apple': 0.7147147147147147, 'Avocado': 0.9398836457659987, 'Banana': 0.7894156560088202, 'Grape': 0.7151979565772669, 'Mango': 0.5485714285714286, 'Melon': 0.39325842696629215, 'Orange': 0.8615649183147034, 'Peach': 0.8390804597701149, 'Pear': 0.31645569620253167, 'Tomato': 0.8776315789473684, 'train': 0.0, 'validation': 0.0}","{'Apple': 0.7640449438202247, 'Avocado': 0.9267049075844487, 'Banana': 0.7568710359408034, 'Grape': 0.6986899563318777, 'Mango': 0.6378737541528239, 'Melon': 0.4472843450479233, 'Orange': 0.8064386317907445, 'Peach': 0.9125, 'Pear': 0.45871559633027525, 'Tomato': 0.8496815286624204, 'train': 0.0, 'validation': 0.0}","{'Apple': 333, 'Avocado': 1547, 'Banana': 907, 'Grape': 783, 'Mango': 175, 'Melon': 178, 'Orange': 1163, 'Peach': 87, 'Pear': 79, 'Tomato': 760, 'train': 0, 'validation': 489}","[[238, 6, 25, 13, 1, 4, 26, 0, 0, 16, 4, 0], [0, 1454, 9, 48, 0, 2, 16, 0, 0, 15, 3, 0], [5, 15, 716, 43, 9, 16, 60, 0, 1, 16, 26, 0], [12, 57, 37, 560, 4, 6, 62, 0, 2, 15, 28, 0], [2, 12, 17, 10, 96, 2, 17, 0, 0, 12, 7, 0], [2, 9, 36, 13, 1, 70, 28, 0, 1, 10, 8, 0], [9, 13, 29, 33, 4, 17, 1002, 0, 0, 40, 16, 0], [1, 0, 4, 0, 0, 0, 5, 73, 0, 3, 1, 0], [2, 1, 29, 6, 2, 2, 6, 0, 25, 0, 6, 0], [9, 9, 11, 19, 4, 6, 33, 0, 0, 667, 2, 0], [0, 0, 0, 0, 0, 0, 0, 0, 0, 0, 0, 0], [10, 15, 72, 75, 5, 10, 67, 0, 1, 16, 218, 0]]"
LightGBM,100,0.1,63,-1,0.754653130287648,0.6533900959621586,0.5842635599141368,0.6071222721475813,2.4776472999947146,0.01287771111826698,6501,12,"['Apple', 'Avocado', 'Banana', 'Grape', 'Mango', 'Melon', 'Orange', 'Peach', 'Pear', 'Tomato', 'train', 'validation']","{'Apple': 0.8434163701067615, 'Avocado': 0.9118387909319899, 'Banana': 0.7355623100303952, 'Grape': 0.6902106567534076, 'Mango': 0.776, 'Melon': 0.5298507462686567, 'Orange': 0.7602118003025718, 'Peach': 0.9863013698630136, 'Pear': 0.7878787878787878, 'Tomato': 0.8194103194103194, 'train': 0.0, 'validation': 0.0}","{'Apple': 0.7117117117117117, 'Avocado': 0.936005171299289, 'Banana': 0.8004410143329658, 'Grape': 0.7113665389527458, 'Mango': 0.5542857142857143, 'Melon': 0.398876404494382, 'Orange': 0.8641444539982803, 'Peach': 0.8275862068965517, 'Pear': 0.3291139240506329, 'Tomato': 0.8776315789473684, 'train': 0.0, 'validation': 0.0}","{'Apple': 0.7719869706840391, 'Avocado': 0.9237639553429027, 'Banana': 0.7666314677930306, 'Grape': 0.70062893081761, 'Mango': 0.6466666666666666, 'Melon': 0.4551282051282051, 'Orange': 0.8088531187122736, 'Peach': 0.9, 'Pear': 0.4642857142857143, 'Tomato': 0.8475222363405337, 'train': 0.0, 'validation': 0.0}","{'Apple': 333, 'Avocado': 1547, 'Banana': 907, 'Grape': 783, 'Mango': 175, 'Melon': 178, 'Orange': 1163, 'Peach': 87, 'Pear': 79, 'Tomato': 760, 'train': 0, 'validation': 489}","[[237, 6, 21, 11, 0, 4, 31, 0, 0, 19, 4, 0], [0, 1448, 12, 50, 0, 1, 16, 0, 0, 17, 3, 0], [3, 18, 726, 39, 7, 15, 54, 1, 2, 20, 22, 0], [8, 61, 37, 557, 4, 8, 62, 0, 2, 15, 29, 0], [2, 9, 17, 9, 97, 4, 19, 0, 0, 12, 6, 0], [1, 7, 35, 10, 2, 71, 26, 0, 1, 10, 15, 0], [10, 14, 21, 38, 4, 16, 1005, 0, 1, 37, 17, 0], [1, 0, 5, 0, 0, 0, 5, 72, 0, 3, 1, 0], [2, 1, 28, 6, 1, 3, 8, 0, 26, 0, 4, 0], [7, 9, 10, 20, 5, 6, 34, 0, 0, 667, 2, 0], [0, 0, 0, 0, 0, 0, 0, 0, 0, 0, 0, 0], [10, 15, 75, 67, 5, 6, 62, 0, 1, 14, 234, 0]]"
LightGBM,200,0.03,15,5,0.6800492231964314,0.5879665645261102,0.5006892610623522,0.5249906616570849,2.1696415999904275,0.014993524073352792,6501,12,"['Apple', 'Avocado', 'Banana', 'Grape', 'Mango', 'Melon', 'Orange', 'Peach', 'Pear', 'Tomato', 'train', 'validation']","{'Apple': 0.7620967741935484, 'Avocado': 0.8543870566272558, 'Banana': 0.6165703275529865, 'Grape': 0.6155810983397191, 'Mango': 0.7142857142857143, 'Melon': 0.4661016949152542, 'Orange': 0.623237071860309, 'Peach': 0.9242424242424242, 'Pear': 0.72, 'Tomato': 0.7590966122961104, 'train': 0.0, 'validation': 0.0}","{'Apple': 0.5675675675675675, 'Avocado': 0.8875242404654169, 'Banana': 0.7056229327453142, 'Grape': 0.6155810983397191, 'Mango': 0.4, 'Melon': 0.3089887640449438, 'Orange': 0.7979363714531384, 'Peach': 0.7011494252873564, 'Pear': 0.22784810126582278, 'Tomato': 0.7960526315789473, 'train': 0.0, 'validation': 0.0}","{'Apple': 0.6506024096385542, 'Avocado': 0.8706404565630945, 'Banana': 0.6580976863753213, 'Grape': 0.6155810983397191, 'Mango': 0.5128205128205128, 'Melon': 0.3716216216216216, 'Orange': 0.6998491704374057, 'Peach': 0.7973856209150327, 'Pear': 0.34615384615384615, 'Tomato': 0.7771355170199101, 'train': 0.0, 'validation': 0.0}","{'Apple': 333, 'Avocado': 1547, 'Banana': 907, 'Grape': 783, 'Mango': 175, 'Melon': 178, 'Orange': 1163, 'Peach': 87, 'Pear': 79, 'Tomato': 760, 'train': 0, 'validation': 489}","[[189, 20, 36, 16, 1, 6, 35, 0, 0, 28, 2, 0], [2, 1373, 29, 77, 0, 2, 48, 0, 0, 14, 2, 0], [10, 28, 640, 40, 7, 10, 130, 1, 0, 27, 14, 0], [13, 90, 49, 482, 4, 5, 102, 0, 4, 11, 23, 0], [0, 17, 22, 11, 70, 4, 33, 0, 1, 14, 3, 0], [3, 10, 53, 13, 0, 55, 22, 0, 1, 9, 12, 0], [10, 26, 58, 45, 5, 22, 928, 4, 0, 56, 9, 0], [0, 0, 5, 0, 0, 0, 11, 61, 0, 9, 1, 0], [3, 1, 35, 6, 1, 1, 8, 0, 18, 2, 4, 0], [7, 26, 23, 16, 7, 8, 53, 0, 0, 605, 15, 0], [0, 0, 0, 0, 0, 0, 0, 0, 0, 0, 0, 0], [11, 16, 88, 77, 3, 5, 119, 0, 1, 22, 147, 0]]"
LightGBM,200,0.03,15,10,0.6858944777726503,0.5990409205070901,0.5086110825339061,0.5326107488790083,2.5459155999997165,0.015700599906245213,6501,12,"['Apple', 'Avocado', 'Banana', 'Grape', 'Mango', 'Melon', 'Orange', 'Peach', 'Pear', 'Tomato', 'train', 'validation']","{'Apple': 0.748062015503876, 'Avocado': 0.8524283935242839, 'Banana': 0.626204238921002, 'Grape': 0.6135802469135803, 'Mango': 0.711340206185567, 'Melon': 0.49514563106796117, 'Orange': 0.6364256480218281, 'Peach': 0.9428571428571428, 'Pear': 0.7916666666666666, 'Tomato': 0.7707808564231738, 'train': 0.0, 'validation': 0.0}","{'Apple': 0.5795795795795796, 'Avocado': 0.8849385908209437, 'Banana': 0.7166482910694597, 'Grape': 0.6347381864623244, 'Mango': 0.3942857142857143, 'Melon': 0.28651685393258425, 'Orange': 0.8022355975924333, 'Peach': 0.7586206896551724, 'Pear': 0.24050632911392406, 'Tomato': 0.8052631578947368, 'train': 0.0, 'validation': 0.0}","{'Apple': 0.6531302876480541, 'Avocado': 0.8683793212813193, 'Banana': 0.6683804627249358, 'Grape': 0.6239799121155053, 'Mango': 0.5073529411764706, 'Melon': 0.36298932384341637, 'Orange': 0.7097755800684671, 'Peach': 0.8407643312101911, 'Pear': 0.36893203883495146, 'Tomato': 0.7876447876447876, 'train': 0.0, 'validation': 0.0}","{'Apple': 333, 'Avocado': 1547, 'Banana': 907, 'Grape': 783, 'Mango': 175, 'Melon': 178, 'Orange': 1163, 'Peach': 87, 'Pear': 79, 'Tomato': 760, 'train': 0, 'validation': 489}","[[193, 20, 34, 17, 1, 4, 35, 0, 0, 25, 4, 0], [4, 1369, 25, 82, 0, 2, 49, 0, 0, 16, 0, 0], [11, 30, 650, 44, 3, 9, 118, 0, 1, 25, 16, 0], [12, 87, 50, 497, 5, 5, 98, 0, 0, 10, 19, 0], [0, 17, 23, 11, 69, 3, 34, 0, 1, 14, 3, 0], [2, 13, 51, 14, 0, 51, 24, 0, 1, 10, 12, 0], [10, 29, 59, 42, 6, 17, 933, 4, 0, 52, 11, 0], [0, 0, 3, 0, 0, 0, 11, 66, 0, 7, 0, 0], [6, 1, 32, 5, 1, 1, 8, 0, 19, 4, 2, 0], [8, 27, 22, 16, 8, 6, 49, 0, 0, 612, 12, 0], [0, 0, 0, 0, 0, 0, 0, 0, 0, 0, 0, 0], [12, 13, 89, 82, 4, 5, 107, 0, 2, 19, 156, 0]]"
LightGBM,200,0.03,15,-1,0.6846638978618674,0.6007935037433787,0.5064838383260509,0.530964310086884,2.334313300001668,0.01648567912624792,6501,12,"['Apple', 'Avocado', 'Banana', 'Grape', 'Mango', 'Melon', 'Orange', 'Peach', 'Pear', 'Tomato', 'train', 'validation']","{'Apple': 0.752, 'Avocado': 0.8527035425730267, 'Banana': 0.6241545893719807, 'Grape': 0.6094527363184079, 'Mango': 0.69, 'Melon': 0.5188679245283019, 'Orange': 0.6332882273342354, 'Peach': 0.9420289855072463, 'Pear': 0.8181818181818182, 'Tomato': 0.7688442211055276, 'train': 0.0, 'validation': 0.0}","{'Apple': 0.5645645645645646, 'Avocado': 0.8868778280542986, 'Banana': 0.7122381477398015, 'Grape': 0.6257982120051085, 'Mango': 0.3942857142857143, 'Melon': 0.3089887640449438, 'Orange': 0.8048151332760103, 'Peach': 0.7471264367816092, 'Pear': 0.22784810126582278, 'Tomato': 0.8052631578947368, 'train': 0.0, 'validation': 0.0}","{'Apple': 0.6449399656946827, 'Avocado': 0.8694550063371356, 'Banana': 0.6652935118434603, 'Grape': 0.6175173282923756, 'Mango': 0.5018181818181818, 'Melon': 0.3873239436619718, 'Orange': 0.7088224157516092, 'Peach': 0.8333333333333334, 'Pear': 0.3564356435643564, 'Tomato': 0.7866323907455013, 'train': 0.0, 'validation': 0.0}","{'Apple': 333, 'Avocado': 1547, 'Banana': 907, 'Grape': 783, 'Mango': 175, 'Melon': 178, 'Orange': 1163, 'Peach': 87, 'Pear': 79, 'Tomato': 760, 'train': 0, 'validation': 489}","[[188, 19, 38, 17, 2, 4, 39, 0, 0, 24, 2, 0], [4, 1372, 27, 76, 0, 3, 48, 0, 0, 17, 0, 0], [11, 30, 646, 45, 4, 8, 122, 0, 1, 24, 16, 0], [11, 87, 54, 490, 5, 4, 100, 0, 0, 11, 21, 0], [0, 17, 20, 13, 69, 3, 35, 0, 0, 15, 3, 0], [2, 13, 47, 15, 1, 55, 23, 0, 1, 9, 12, 0], [9, 30, 57, 43, 6, 17, 936, 4, 0, 52, 9, 0], [1, 0, 3, 0, 0, 0, 9, 65, 0, 9, 0, 0], [5, 1, 32, 6, 1, 1, 9, 0, 18, 3, 3, 0], [8, 27, 25, 17, 7, 6, 47, 0, 0, 612, 11, 0], [0, 0, 0, 0, 0, 0, 0, 0, 0, 0, 0, 0], [11, 13, 86, 82, 5, 5, 110, 0, 2, 20, 155, 0]]"
LightGBM,200,0.03,31,5,0.6978926319027842,0.6093450086726879,0.5176436273023205,0.5434839673278633,2.785590899991803,0.019663820948813915,6501,12,"['Apple', 'Avocado', 'Banana', 'Grape', 'Mango', 'Melon', 'Orange', 'Peach', 'Pear', 'Tomato', 'train', 'validation']","{'Apple': 0.804, 'Avocado': 0.8645962732919255, 'Banana': 0.6413793103448275, 'Grape': 0.6300505050505051, 'Mango': 0.6981132075471698, 'Melon': 0.5181818181818182, 'Orange': 0.6521145975443383, 'Peach': 0.9253731343283582, 'Pear': 0.8, 'Tomato': 0.7783312577833126, 'train': 0.0, 'validation': 0.0}","{'Apple': 0.6036036036036037, 'Avocado': 0.8998060762766645, 'Banana': 0.7177508269018743, 'Grape': 0.6372924648786717, 'Mango': 0.4228571428571429, 'Melon': 0.3202247191011236, 'Orange': 0.82201203783319, 'Peach': 0.7126436781609196, 'Pear': 0.25316455696202533, 'Tomato': 0.8223684210526315, 'train': 0.0, 'validation': 0.0}","{'Apple': 0.6895368782161235, 'Avocado': 0.8818498574596135, 'Banana': 0.6774193548387096, 'Grape': 0.6336507936507937, 'Mango': 0.5266903914590747, 'Melon': 0.3958333333333333, 'Orange': 0.7272727272727273, 'Peach': 0.8051948051948052, 'Pear': 0.38461538461538464, 'Tomato': 0.799744081893794, 'train': 0.0, 'validation': 0.0}","{'Apple': 333, 'Avocado': 1547, 'Banana': 907, 'Grape': 783, 'Mango': 175, 'Melon': 178, 'Orange': 1163, 'Peach': 87, 'Pear': 79, 'Tomato': 760, 'train': 0, 'validation': 489}","[[201, 16, 37, 16, 2, 5, 28, 0, 0, 25, 3, 0], [3, 1392, 23, 70, 0, 2, 40, 0, 0, 15, 2, 0], [8, 24, 651, 44, 8, 9, 115, 1, 1, 28, 18, 0], [8, 92, 44, 499, 5, 4, 97, 0, 2, 9, 23, 0], [0, 15, 24, 11, 74, 4, 31, 0, 0, 11, 5, 0], [4, 11, 48, 11, 0, 57, 22, 0, 1, 12, 12, 0], [8, 22, 46, 41, 6, 17, 956, 3, 1, 49, 14, 0], [0, 0, 3, 0, 0, 0, 13, 62, 0, 7, 2, 0], [2, 1, 34, 6, 1, 1, 9, 0, 20, 2, 3, 0], [6, 21, 18, 20, 6, 5, 46, 0, 0, 625, 13, 0], [0, 0, 0, 0, 0, 0, 0, 0, 0, 0, 0, 0], [10, 16, 87, 74, 4, 6, 109, 1, 0, 20, 162, 0]]"
LightGBM,200,0.03,31,10,0.7228118750961391,0.6404465116542452,0.5498773473632035,0.5739632517942453,3.4695359999896027,0.021824180895634256,6501,12,"['Apple', 'Avocado', 'Banana', 'Grape', 'Mango', 'Melon', 'Orange', 'Peach', 'Pear', 'Tomato', 'train', 'validation']","{'Apple': 0.8131868131868132, 'Avocado': 0.8833437305053026, 'Banana': 0.6758620689655173, 'Grape': 0.6426829268292683, 'Mango': 0.7256637168141593, 'Melon': 0.55, 'Orange': 0.7022512708787219, 'Peach': 0.9452054794520548, 'Pear': 0.9565217391304348, 'Tomato': 0.7906403940886699, 'train': 0.0, 'validation': 0.0}","{'Apple': 0.6666666666666666, 'Avocado': 0.9153199741435035, 'Banana': 0.7563395810363837, 'Grape': 0.6730523627075351, 'Mango': 0.4685714285714286, 'Melon': 0.3707865168539326, 'Orange': 0.8314703353396389, 'Peach': 0.7931034482758621, 'Pear': 0.27848101265822783, 'Tomato': 0.8447368421052631, 'train': 0.0, 'validation': 0.0}","{'Apple': 0.7326732673267327, 'Avocado': 0.8990476190476191, 'Banana': 0.7138397502601457, 'Grape': 0.6575171553337492, 'Mango': 0.5694444444444444, 'Melon': 0.4429530201342282, 'Orange': 0.7614173228346457, 'Peach': 0.8625, 'Pear': 0.43137254901960786, 'Tomato': 0.816793893129771, 'train': 0.0, 'validation': 0.0}","{'Apple': 333, 'Avocado': 1547, 'Banana': 907, 'Grape': 783, 'Mango': 175, 'Melon': 178, 'Orange': 1163, 'Peach': 87, 'Pear': 79, 'Tomato': 760, 'train': 0, 'validation': 489}","[[222, 13, 30, 16, 0, 2, 25, 0, 0, 20, 5, 0], [2, 1416, 20, 63, 0, 1, 28, 0, 0, 16, 1, 0], [7, 19, 686, 48, 6, 9, 88, 2, 0, 24, 18, 0], [10, 72, 45, 527, 7, 6, 76, 0, 0, 14, 26, 0], [0, 15, 19, 11, 82, 4, 23, 0, 0, 15, 6, 0], [3, 9, 41, 11, 0, 66, 21, 0, 0, 15, 12, 0], [11, 22, 41, 41, 7, 19, 967, 1, 0, 42, 12, 0], [1, 1, 2, 0, 0, 0, 6, 69, 0, 7, 1, 0], [3, 1, 29, 6, 1, 2, 7, 1, 22, 1, 6, 0], [4, 20, 19, 19, 6, 5, 40, 0, 0, 642, 5, 0], [0, 0, 0, 0, 0, 0, 0, 0, 0, 0, 0, 0], [10, 15, 83, 78, 4, 6, 96, 0, 1, 16, 180, 0]]"
LightGBM,200,0.03,31,-1,0.7218889401630518,0.6317930812674851,0.5484269182264094,0.5725782462725882,3.7679328999947757,0.02222270419900795,6501,12,"['Apple', 'Avocado', 'Banana', 'Grape', 'Mango', 'Melon', 'Orange', 'Peach', 'Pear', 'Tomato', 'train', 'validation']","{'Apple': 0.8074074074074075, 'Avocado': 0.8872180451127819, 'Banana': 0.6764995083579154, 'Grape': 0.645679012345679, 'Mango': 0.7433628318584071, 'Melon': 0.5384615384615384, 'Orange': 0.6944644140905823, 'Peach': 0.9444444444444444, 'Pear': 0.8518518518518519, 'Tomato': 0.7921279212792128, 'train': 0.0, 'validation': 0.0}","{'Apple': 0.6546546546546547, 'Avocado': 0.9153199741435035, 'Banana': 0.7585446527012127, 'Grape': 0.6679438058748404, 'Mango': 0.48, 'Melon': 0.3539325842696629, 'Orange': 0.8306104901117799, 'Peach': 0.7816091954022989, 'Pear': 0.2911392405063291, 'Tomato': 0.8473684210526315, 'train': 0.0, 'validation': 0.0}","{'Apple': 0.7230514096185738, 'Avocado': 0.9010499522748966, 'Banana': 0.7151767151767152, 'Grape': 0.6566227244193346, 'Mango': 0.5833333333333334, 'Melon': 0.4271186440677966, 'Orange': 0.7564604541895067, 'Peach': 0.8553459119496856, 'Pear': 0.4339622641509434, 'Tomato': 0.8188175460902734, 'train': 0.0, 'validation': 0.0}","{'Apple': 333, 'Avocado': 1547, 'Banana': 907, 'Grape': 783, 'Mango': 175, 'Melon': 178, 'Orange': 1163, 'Peach': 87, 'Pear': 79, 'Tomato': 760, 'train': 0, 'validation': 489}","[[218, 12, 34, 13, 0, 5, 26, 0, 0, 20, 5, 0], [2, 1416, 17, 65, 0, 1, 31, 0, 0, 14, 1, 0], [4, 21, 688, 47, 5, 10, 91, 2, 0, 22, 17, 0], [10, 73, 44, 523, 6, 4, 83, 0, 2, 13, 25, 0], [0, 14, 21, 12, 84, 3, 21, 0, 0, 15, 5, 0], [3, 9, 41, 12, 0, 63, 22, 0, 0, 15, 13, 0], [10, 19, 43, 39, 7, 19, 966, 1, 0, 47, 12, 0], [1, 0, 3, 0, 0, 0, 7, 68, 0, 7, 1, 0], [2, 1, 30, 5, 1, 1, 8, 1, 23, 1, 6, 0], [9, 17, 16, 18, 7, 4, 42, 0, 0, 644, 3, 0], [0, 0, 0, 0, 0, 0, 0, 0, 0, 0, 0, 0], [11, 14, 80, 76, 3, 7, 94, 0, 2, 15, 187, 0]]"
LightGBM,200,0.03,63,5,0.694662359636979,0.6085232034397107,0.5142059702721687,0.5403483776501464,2.856118700001389,0.018113720966354035,6501,12,"['Apple', 'Avocado', 'Banana', 'Grape', 'Mango', 'Melon', 'Orange', 'Peach', 'Pear', 'Tomato', 'train', 'validation']","{'Apple': 0.7874015748031497, 'Avocado': 0.8669581511555278, 'Banana': 0.634858812074002, 'Grape': 0.6198243412797992, 'Mango': 0.6818181818181818, 'Melon': 0.5277777777777778, 'Orange': 0.6452268111035884, 'Peach': 0.9230769230769231, 'Pear': 0.8333333333333334, 'Tomato': 0.7820025348542459, 'train': 0.0, 'validation': 0.0}","{'Apple': 0.6006006006006006, 'Avocado': 0.8972204266321914, 'Banana': 0.7188533627342889, 'Grape': 0.6309067688378033, 'Mango': 0.42857142857142855, 'Melon': 0.3202247191011236, 'Orange': 0.819432502149613, 'Peach': 0.6896551724137931, 'Pear': 0.25316455696202533, 'Tomato': 0.8118421052631579, 'train': 0.0, 'validation': 0.0}","{'Apple': 0.6814310051107325, 'Avocado': 0.8818297331639136, 'Banana': 0.6742502585315409, 'Grape': 0.6253164556962025, 'Mango': 0.5263157894736842, 'Melon': 0.3986013986013986, 'Orange': 0.7219696969696969, 'Peach': 0.7894736842105263, 'Pear': 0.3883495145631068, 'Tomato': 0.7966429954809554, 'train': 0.0, 'validation': 0.0}","{'Apple': 333, 'Avocado': 1547, 'Banana': 907, 'Grape': 783, 'Mango': 175, 'Melon': 178, 'Orange': 1163, 'Peach': 87, 'Pear': 79, 'Tomato': 760, 'train': 0, 'validation': 489}","[[200, 17, 35, 18, 1, 5, 33, 0, 0, 22, 2, 0], [2, 1388, 27, 71, 0, 2, 39, 0, 0, 16, 2, 0], [8, 22, 652, 44, 8, 9, 119, 1, 1, 26, 17, 0], [10, 89, 48, 494, 4, 3, 97, 0, 2, 12, 24, 0], [0, 14, 22, 12, 75, 4, 33, 0, 0, 11, 4, 0], [4, 10, 49, 11, 0, 57, 25, 0, 1, 9, 12, 0], [9, 22, 46, 46, 9, 18, 953, 4, 0, 47, 9, 0], [0, 1, 3, 0, 0, 0, 14, 60, 0, 8, 1, 0], [2, 1, 35, 6, 1, 1, 8, 0, 20, 2, 3, 0], [9, 22, 23, 22, 7, 4, 46, 0, 0, 617, 10, 0], [0, 0, 0, 0, 0, 0, 0, 0, 0, 0, 0, 0], [10, 15, 87, 73, 5, 5, 110, 0, 0, 19, 165, 0]]"
LightGBM,200,0.03,63,10,0.7455776034456237,0.655369234083904,0.5719183093153044,0.5968772251056852,6.124890299979597,0.04485594523970913,6501,12,"['Apple', 'Avocado', 'Banana', 'Grape', 'Mango', 'Melon', 'Orange', 'Peach', 'Pear', 'Tomato', 'train', 'validation']","{'Apple': 0.8494623655913979, 'Avocado': 0.9089759797724399, 'Banana': 0.7137137137137137, 'Grape': 0.6562874251497006, 'Mango': 0.775, 'Melon': 0.5573770491803278, 'Orange': 0.7364914877868246, 'Peach': 1.0, 'Pear': 0.8518518518518519, 'Tomato': 0.8152709359605911, 'train': 0.0, 'validation': 0.0}","{'Apple': 0.7117117117117117, 'Avocado': 0.929541047188106, 'Banana': 0.7861080485115767, 'Grape': 0.6998722860791826, 'Mango': 0.5314285714285715, 'Melon': 0.38202247191011235, 'Orange': 0.8555460017196904, 'Peach': 0.8045977011494253, 'Pear': 0.2911392405063291, 'Tomato': 0.8710526315789474, 'train': 0.0, 'validation': 0.0}","{'Apple': 0.7745098039215687, 'Avocado': 0.9191434963247044, 'Banana': 0.7481636935991606, 'Grape': 0.6773794808405439, 'Mango': 0.6305084745762712, 'Melon': 0.4533333333333333, 'Orange': 0.7915672235481305, 'Peach': 0.89171974522293, 'Pear': 0.4339622641509434, 'Tomato': 0.8422391857506362, 'train': 0.0, 'validation': 0.0}","{'Apple': 333, 'Avocado': 1547, 'Banana': 907, 'Grape': 783, 'Mango': 175, 'Melon': 178, 'Orange': 1163, 'Peach': 87, 'Pear': 79, 'Tomato': 760, 'train': 0, 'validation': 489}","[[237, 6, 25, 15, 0, 3, 26, 0, 0, 16, 5, 0], [0, 1438, 15, 53, 0, 1, 20, 0, 0, 17, 3, 0], [3, 17, 713, 48, 6, 11, 67, 0, 1, 19, 22, 0], [7, 63, 42, 548, 6, 5, 65, 0, 1, 13, 33, 0], [1, 12, 16, 11, 93, 6, 18, 0, 0, 12, 6, 0], [1, 8, 37, 13, 1, 68, 25, 0, 1, 11, 13, 0], [9, 14, 32, 40, 7, 15, 995, 0, 0, 41, 10, 0], [1, 0, 7, 0, 0, 0, 5, 70, 0, 3, 1, 0], [3, 1, 30, 4, 1, 3, 8, 0, 23, 1, 5, 0], [7, 11, 9, 24, 4, 4, 37, 0, 0, 662, 2, 0], [0, 0, 0, 0, 0, 0, 0, 0, 0, 0, 0, 0], [10, 12, 73, 79, 2, 6, 85, 0, 1, 17, 204, 0]]"
LightGBM,200,0.03,63,-1,0.746500538378711,0.6586721221433762,0.5766195463643692,0.6014990027150344,5.837624799984042,0.022347946469520888,6501,12,"['Apple', 'Avocado', 'Banana', 'Grape', 'Mango', 'Melon', 'Orange', 'Peach', 'Pear', 'Tomato', 'train', 'validation']","{'Apple': 0.8381294964028777, 'Avocado': 0.9078282828282829, 'Banana': 0.708498023715415, 'Grape': 0.6699386503067485, 'Mango': 0.746031746031746, 'Melon': 0.5785123966942148, 'Orange': 0.7447604790419161, 'Peach': 1.0, 'Pear': 0.8928571428571429, 'Tomato': 0.8175092478421702, 'train': 0.0, 'validation': 0.0}","{'Apple': 0.6996996996996997, 'Avocado': 0.929541047188106, 'Banana': 0.7905181918412348, 'Grape': 0.6973180076628352, 'Mango': 0.5371428571428571, 'Melon': 0.39325842696629215, 'Orange': 0.8555460017196904, 'Peach': 0.8275862068965517, 'Pear': 0.31645569620253167, 'Tomato': 0.8723684210526316, 'train': 0.0, 'validation': 0.0}","{'Apple': 0.762684124386252, 'Avocado': 0.9185563717662089, 'Banana': 0.7472642001042209, 'Grape': 0.6833541927409261, 'Mango': 0.6245847176079734, 'Melon': 0.4682274247491639, 'Orange': 0.7963185274109644, 'Peach': 0.9056603773584906, 'Pear': 0.4672897196261682, 'Tomato': 0.8440483768300445, 'train': 0.0, 'validation': 0.0}","{'Apple': 333, 'Avocado': 1547, 'Banana': 907, 'Grape': 783, 'Mango': 175, 'Melon': 178, 'Orange': 1163, 'Peach': 87, 'Pear': 79, 'Tomato': 760, 'train': 0, 'validation': 489}","[[233, 5, 27, 16, 1, 2, 27, 0, 0, 15, 7, 0], [0, 1438, 16, 53, 0, 3, 17, 0, 0, 18, 2, 0], [4, 17, 717, 44, 10, 10, 65, 0, 1, 21, 18, 0], [6, 62, 44, 546, 4, 6, 64, 0, 1, 14, 36, 0], [0, 12, 18, 13, 94, 4, 18, 0, 0, 11, 5, 0], [1, 8, 37, 9, 2, 70, 27, 0, 0, 10, 14, 0], [13, 14, 32, 36, 7, 14, 995, 0, 0, 41, 11, 0], [1, 0, 4, 0, 0, 0, 5, 72, 0, 3, 2, 0], [1, 1, 28, 6, 1, 2, 9, 0, 25, 2, 4, 0], [8, 12, 13, 20, 4, 6, 32, 0, 0, 663, 2, 0], [0, 0, 0, 0, 0, 0, 0, 0, 0, 0, 0, 0], [11, 15, 76, 72, 3, 4, 77, 0, 1, 13, 217, 0]]"
LightGBM,200,0.05,15,5,0.7018920166128289,0.6042951649362928,0.528008329642354,0.5507478283913011,1.9588583000004292,0.015618981694459681,6501,12,"['Apple', 'Avocado', 'Banana', 'Grape', 'Mango', 'Melon', 'Orange', 'Peach', 'Pear', 'Tomato', 'train', 'validation']","{'Apple': 0.7786259541984732, 'Avocado': 0.8749214330609679, 'Banana': 0.6524329692154915, 'Grape': 0.6338729763387297, 'Mango': 0.7333333333333333, 'Melon': 0.472, 'Orange': 0.6606397774687065, 'Peach': 0.9436619718309859, 'Pear': 0.7241379310344828, 'Tomato': 0.7779156327543424, 'train': 0.0, 'validation': 0.0}","{'Apple': 0.6126126126126126, 'Avocado': 0.8998060762766645, 'Banana': 0.7243660418963617, 'Grape': 0.6500638569604087, 'Mango': 0.44, 'Melon': 0.33146067415730335, 'Orange': 0.8168529664660361, 'Peach': 0.7701149425287356, 'Pear': 0.26582278481012656, 'Tomato': 0.825, 'train': 0.0, 'validation': 0.0}","{'Apple': 0.6857142857142857, 'Avocado': 0.887189292543021, 'Banana': 0.6865203761755486, 'Grape': 0.6418663303909206, 'Mango': 0.55, 'Melon': 0.38943894389438943, 'Orange': 0.7304882737408689, 'Peach': 0.8481012658227848, 'Pear': 0.3888888888888889, 'Tomato': 0.8007662835249042, 'train': 0.0, 'validation': 0.0}","{'Apple': 333, 'Avocado': 1547, 'Banana': 907, 'Grape': 783, 'Mango': 175, 'Melon': 178, 'Orange': 1163, 'Peach': 87, 'Pear': 79, 'Tomato': 760, 'train': 0, 'validation': 489}","[[204, 15, 32, 16, 0, 6, 29, 0, 0, 29, 2, 0], [3, 1392, 23, 67, 0, 3, 40, 0, 0, 17, 2, 0], [8, 23, 657, 44, 6, 12, 110, 1, 2, 22, 22, 0], [13, 81, 43, 509, 5, 5, 86, 0, 3, 13, 25, 0], [1, 12, 23, 11, 77, 5, 28, 0, 0, 13, 5, 0], [3, 10, 44, 12, 0, 59, 26, 0, 1, 10, 13, 0], [11, 21, 48, 44, 5, 19, 950, 3, 0, 50, 12, 0], [1, 0, 2, 0, 0, 0, 10, 67, 0, 6, 1, 0], [3, 1, 32, 5, 1, 3, 8, 0, 21, 1, 4, 0], [4, 21, 16, 17, 8, 9, 47, 0, 0, 627, 11, 0], [0, 0, 0, 0, 0, 0, 0, 0, 0, 0, 0, 0], [11, 15, 87, 78, 3, 4, 104, 0, 2, 18, 167, 0]]"
LightGBM,200,0.05,15,10,0.7080449161667436,0.6217524727348879,0.5369589010841745,0.5609832805119879,2.196766699984437,0.01727741886148912,6501,12,"['Apple', 'Avocado', 'Banana', 'Grape', 'Mango', 'Melon', 'Orange', 'Peach', 'Pear', 'Tomato', 'train', 'validation']","{'Apple': 0.7569444444444444, 'Avocado': 0.8747651847213526, 'Banana': 0.6593406593406593, 'Grape': 0.6275946275946276, 'Mango': 0.7549019607843137, 'Melon': 0.525, 'Orange': 0.6675938803894298, 'Peach': 0.9571428571428572, 'Pear': 0.8518518518518519, 'Tomato': 0.7858942065491183, 'train': 0.0, 'validation': 0.0}","{'Apple': 0.6546546546546547, 'Avocado': 0.903038138332256, 'Banana': 0.7276736493936052, 'Grape': 0.6564495530012772, 'Mango': 0.44, 'Melon': 0.3539325842696629, 'Orange': 0.825451418744626, 'Peach': 0.7701149425287356, 'Pear': 0.2911392405063291, 'Tomato': 0.8210526315789474, 'train': 0.0, 'validation': 0.0}","{'Apple': 0.7020933977455717, 'Avocado': 0.888676844783715, 'Banana': 0.6918238993710691, 'Grape': 0.6416978776529338, 'Mango': 0.555956678700361, 'Melon': 0.4228187919463087, 'Orange': 0.7381776239907728, 'Peach': 0.8535031847133758, 'Pear': 0.4339622641509434, 'Tomato': 0.803088803088803, 'train': 0.0, 'validation': 0.0}","{'Apple': 333, 'Avocado': 1547, 'Banana': 907, 'Grape': 783, 'Mango': 175, 'Melon': 178, 'Orange': 1163, 'Peach': 87, 'Pear': 79, 'Tomato': 760, 'train': 0, 'validation': 489}","[[218, 14, 27, 16, 1, 3, 28, 0, 0, 23, 3, 0], [3, 1397, 23, 70, 0, 3, 34, 0, 0, 16, 1, 0], [11, 24, 660, 47, 5, 11, 108, 0, 1, 21, 19, 0], [14, 78, 44, 514, 5, 6, 89, 0, 1, 12, 20, 0], [0, 14, 18, 14, 77, 3, 32, 0, 0, 15, 2, 0], [4, 12, 43, 12, 0, 63, 22, 0, 1, 11, 10, 0], [12, 23, 41, 43, 5, 18, 960, 3, 0, 46, 12, 0], [1, 0, 3, 0, 0, 0, 10, 67, 0, 6, 0, 0], [3, 1, 31, 5, 1, 1, 8, 0, 23, 2, 4, 0], [10, 18, 23, 19, 5, 7, 46, 0, 0, 624, 8, 0], [0, 0, 0, 0, 0, 0, 0, 0, 0, 0, 0, 0], [12, 16, 88, 79, 3, 5, 101, 0, 1, 18, 166, 0]]"
LightGBM,200,0.05,15,-1,0.7077372711890478,0.6207442551152583,0.5398578181502468,0.5626821690343445,1.895975699997507,0.013566866633536,6501,12,"['Apple', 'Avocado', 'Banana', 'Grape', 'Mango', 'Melon', 'Orange', 'Peach', 'Pear', 'Tomato', 'train', 'validation']","{'Apple': 0.7765567765567766, 'Avocado': 0.871939736346516, 'Banana': 0.66402378592666, 'Grape': 0.6294478527607362, 'Mango': 0.7297297297297297, 'Melon': 0.5161290322580645, 'Orange': 0.6673669467787114, 'Peach': 0.958904109589041, 'Pear': 0.8461538461538461, 'Tomato': 0.7886792452830189, 'train': 0.0, 'validation': 0.0}","{'Apple': 0.6366366366366366, 'Avocado': 0.8978668390433097, 'Banana': 0.7386990077177509, 'Grape': 0.6551724137931034, 'Mango': 0.46285714285714286, 'Melon': 0.3595505617977528, 'Orange': 0.819432502149613, 'Peach': 0.8045977011494253, 'Pear': 0.27848101265822783, 'Tomato': 0.825, 'train': 0.0, 'validation': 0.0}","{'Apple': 0.6996699669966997, 'Avocado': 0.8847133757961784, 'Banana': 0.6993736951983298, 'Grape': 0.6420525657071339, 'Mango': 0.5664335664335665, 'Melon': 0.423841059602649, 'Orange': 0.7356233114627557, 'Peach': 0.875, 'Pear': 0.41904761904761906, 'Tomato': 0.8064308681672026, 'train': 0.0, 'validation': 0.0}","{'Apple': 333, 'Avocado': 1547, 'Banana': 907, 'Grape': 783, 'Mango': 175, 'Melon': 178, 'Orange': 1163, 'Peach': 87, 'Pear': 79, 'Tomato': 760, 'train': 0, 'validation': 489}","[[212, 15, 26, 14, 1, 7, 32, 0, 0, 23, 3, 0], [3, 1389, 28, 71, 0, 3, 35, 0, 0, 17, 1, 0], [8, 24, 670, 42, 5, 11, 103, 0, 1, 22, 21, 0], [12, 82, 41, 513, 6, 5, 89, 0, 0, 14, 21, 0], [0, 11, 21, 11, 81, 4, 29, 0, 1, 14, 3, 0], [3, 11, 42, 13, 1, 64, 22, 0, 1, 10, 11, 0], [12, 24, 46, 45, 4, 18, 953, 3, 0, 46, 12, 0], [2, 0, 2, 0, 0, 0, 7, 70, 0, 5, 1, 0], [3, 1, 31, 5, 1, 2, 7, 0, 22, 2, 5, 0], [7, 21, 18, 19, 5, 6, 47, 0, 0, 627, 10, 0], [0, 0, 0, 0, 0, 0, 0, 0, 0, 0, 0, 0], [11, 15, 84, 82, 7, 4, 104, 0, 1, 15, 166, 0]]"
LightGBM,200,0.05,31,5,0.7151207506537456,0.6168436987909917,0.544524430311896,0.567261421357861,2.313181000004988,0.021772819569477932,6501,12,"['Apple', 'Avocado', 'Banana', 'Grape', 'Mango', 'Melon', 'Orange', 'Peach', 'Pear', 'Tomato', 'train', 'validation']","{'Apple': 0.8195488721804511, 'Avocado': 0.8838669177652229, 'Banana': 0.6666666666666666, 'Grape': 0.6433041301627034, 'Mango': 0.6935483870967742, 'Melon': 0.5517241379310345, 'Orange': 0.685997171145686, 'Peach': 0.9178082191780822, 'Pear': 0.7419354838709677, 'Tomato': 0.797724399494311, 'train': 0.0, 'validation': 0.0}","{'Apple': 0.6546546546546547, 'Avocado': 0.9101486748545572, 'Banana': 0.7364939360529217, 'Grape': 0.6564495530012772, 'Mango': 0.49142857142857144, 'Melon': 0.3595505617977528, 'Orange': 0.8340498710232158, 'Peach': 0.7701149425287356, 'Pear': 0.2911392405063291, 'Tomato': 0.8302631578947368, 'train': 0.0, 'validation': 0.0}","{'Apple': 0.7278797996661102, 'Avocado': 0.8968152866242038, 'Banana': 0.6998428496595076, 'Grape': 0.649810366624526, 'Mango': 0.5752508361204013, 'Melon': 0.43537414965986393, 'Orange': 0.7528133488552581, 'Peach': 0.8375, 'Pear': 0.41818181818181815, 'Tomato': 0.8136686009026435, 'train': 0.0, 'validation': 0.0}","{'Apple': 333, 'Avocado': 1547, 'Banana': 907, 'Grape': 783, 'Mango': 175, 'Melon': 178, 'Orange': 1163, 'Peach': 87, 'Pear': 79, 'Tomato': 760, 'train': 0, 'validation': 489}","[[218, 10, 32, 13, 1, 4, 28, 0, 0, 24, 3, 0], [2, 1408, 22, 65, 1, 1, 34, 0, 0, 13, 1, 0], [8, 22, 668, 45, 9, 9, 96, 1, 1, 25, 23, 0], [10, 77, 43, 514, 6, 6, 85, 0, 2, 10, 30, 0], [0, 9, 21, 10, 86, 5, 28, 0, 1, 10, 5, 0], [2, 11, 42, 12, 0, 64, 19, 0, 1, 14, 13, 0], [6, 16, 41, 42, 10, 16, 970, 3, 1, 45, 13, 0], [1, 0, 6, 0, 0, 0, 10, 67, 0, 2, 1, 0], [2, 1, 29, 5, 1, 2, 8, 0, 23, 3, 5, 0], [7, 22, 15, 21, 5, 4, 43, 0, 0, 631, 12, 0], [0, 0, 0, 0, 0, 0, 0, 0, 0, 0, 0, 0], [10, 17, 83, 72, 5, 5, 93, 2, 2, 14, 186, 0]]"
LightGBM,200,0.05,31,10,0.7377326565143824,0.64812464017562,0.5643397659989716,0.5888206227137602,2.6727415999921504,0.022564343947118128,6501,12,"['Apple', 'Avocado', 'Banana', 'Grape', 'Mango', 'Melon', 'Orange', 'Peach', 'Pear', 'Tomato', 'train', 'validation']","{'Apple': 0.8149466192170819, 'Avocado': 0.9024543738200126, 'Banana': 0.7038883349950149, 'Grape': 0.6568265682656826, 'Mango': 0.7310924369747899, 'Melon': 0.56, 'Orange': 0.7293510324483776, 'Peach': 0.9859154929577465, 'Pear': 0.8846153846153846, 'Tomato': 0.8084054388133498, 'train': 0.0, 'validation': 0.0}","{'Apple': 0.6876876876876877, 'Avocado': 0.9269553975436329, 'Banana': 0.7783902976846747, 'Grape': 0.6819923371647509, 'Mango': 0.49714285714285716, 'Melon': 0.39325842696629215, 'Orange': 0.8503869303525365, 'Peach': 0.8045977011494253, 'Pear': 0.2911392405063291, 'Tomato': 0.8605263157894737, 'train': 0.0, 'validation': 0.0}","{'Apple': 0.745928338762215, 'Avocado': 0.9145408163265306, 'Banana': 0.7392670157068063, 'Grape': 0.6691729323308271, 'Mango': 0.5918367346938775, 'Melon': 0.46204620462046203, 'Orange': 0.7852322350138944, 'Peach': 0.8860759493670886, 'Pear': 0.4380952380952381, 'Tomato': 0.8336520076481836, 'train': 0.0, 'validation': 0.0}","{'Apple': 333, 'Avocado': 1547, 'Banana': 907, 'Grape': 783, 'Mango': 175, 'Melon': 178, 'Orange': 1163, 'Peach': 87, 'Pear': 79, 'Tomato': 760, 'train': 0, 'validation': 489}","[[229, 8, 29, 12, 1, 4, 26, 0, 0, 20, 4, 0], [1, 1434, 15, 57, 0, 2, 22, 0, 0, 14, 2, 0], [5, 20, 706, 45, 6, 9, 66, 0, 0, 25, 25, 0], [11, 64, 42, 534, 6, 4, 71, 0, 1, 15, 35, 0], [1, 13, 19, 11, 87, 5, 21, 0, 0, 11, 7, 0], [1, 8, 37, 11, 0, 70, 26, 0, 0, 12, 13, 0], [9, 14, 34, 37, 9, 16, 989, 1, 0, 38, 16, 0], [1, 0, 4, 0, 0, 0, 6, 70, 0, 4, 2, 0], [1, 1, 28, 7, 1, 2, 9, 0, 23, 1, 6, 0], [10, 13, 14, 18, 4, 7, 36, 0, 0, 654, 4, 0], [0, 0, 0, 0, 0, 0, 0, 0, 0, 0, 0, 0], [12, 14, 75, 81, 5, 6, 84, 0, 2, 15, 195, 0]]"
LightGBM,200,0.05,31,-1,0.7380403014920781,0.6443745271089465,0.5655445597609782,0.5885261469945445,3.392196899978444,0.021242531917170102,6501,12,"['Apple', 'Avocado', 'Banana', 'Grape', 'Mango', 'Melon', 'Orange', 'Peach', 'Pear', 'Tomato', 'train', 'validation']","{'Apple': 0.800711743772242, 'Avocado': 0.9027777777777778, 'Banana': 0.703, 'Grape': 0.6646191646191646, 'Mango': 0.7165354330708661, 'Melon': 0.5752212389380531, 'Orange': 0.7233576642335766, 'Peach': 0.9863013698630136, 'Pear': 0.8518518518518519, 'Tomato': 0.8081180811808119, 'train': 0.0, 'validation': 0.0}","{'Apple': 0.6756756756756757, 'Avocado': 0.9243697478991597, 'Banana': 0.7750826901874311, 'Grape': 0.6909323116219668, 'Mango': 0.52, 'Melon': 0.3651685393258427, 'Orange': 0.8521066208082545, 'Peach': 0.8275862068965517, 'Pear': 0.2911392405063291, 'Tomato': 0.8644736842105263, 'train': 0.0, 'validation': 0.0}","{'Apple': 0.7328990228013029, 'Avocado': 0.9134461833280102, 'Banana': 0.7372836916622968, 'Grape': 0.6775203506574827, 'Mango': 0.6026490066225165, 'Melon': 0.44673539518900346, 'Orange': 0.7824713778128701, 'Peach': 0.9, 'Pear': 0.4339622641509434, 'Tomato': 0.8353464717101081, 'train': 0.0, 'validation': 0.0}","{'Apple': 333, 'Avocado': 1547, 'Banana': 907, 'Grape': 783, 'Mango': 175, 'Melon': 178, 'Orange': 1163, 'Peach': 87, 'Pear': 79, 'Tomato': 760, 'train': 0, 'validation': 489}","[[225, 10, 32, 10, 2, 1, 27, 0, 0, 20, 6, 0], [0, 1430, 16, 57, 0, 2, 25, 0, 0, 15, 2, 0], [8, 20, 703, 48, 8, 10, 69, 0, 0, 21, 20, 0], [10, 63, 39, 541, 7, 5, 71, 0, 0, 15, 32, 0], [0, 12, 19, 10, 91, 2, 23, 0, 1, 11, 6, 0], [3, 10, 38, 10, 0, 65, 26, 0, 0, 14, 12, 0], [11, 12, 36, 37, 7, 18, 991, 0, 1, 35, 15, 0], [1, 0, 4, 0, 0, 0, 5, 72, 0, 4, 1, 0], [2, 1, 27, 5, 2, 1, 9, 1, 23, 2, 6, 0], [7, 13, 14, 19, 5, 5, 36, 0, 0, 657, 4, 0], [0, 0, 0, 0, 0, 0, 0, 0, 0, 0, 0, 0], [14, 13, 72, 77, 5, 4, 88, 0, 2, 19, 195, 0]]"
LightGBM,200,0.05,63,5,0.7138901707429626,0.6173121709360738,0.5376086393718635,0.561558638745468,2.644343799998751,0.021237055839637777,6501,12,"['Apple', 'Avocado', 'Banana', 'Grape', 'Mango', 'Melon', 'Orange', 'Peach', 'Pear', 'Tomato', 'train', 'validation']","{'Apple': 0.8212927756653993, 'Avocado': 0.8819095477386935, 'Banana': 0.6663356504468719, 'Grape': 0.6438356164383562, 'Mango': 0.6949152542372882, 'Melon': 0.5213675213675214, 'Orange': 0.6887464387464387, 'Peach': 0.9142857142857143, 'Pear': 0.7857142857142857, 'Tomato': 0.7893432465923172, 'train': 0.0, 'validation': 0.0}","{'Apple': 0.6486486486486487, 'Avocado': 0.907563025210084, 'Banana': 0.7398015435501654, 'Grape': 0.6602809706257982, 'Mango': 0.4685714285714286, 'Melon': 0.34269662921348315, 'Orange': 0.8314703353396389, 'Peach': 0.735632183908046, 'Pear': 0.27848101265822783, 'Tomato': 0.8381578947368421, 'train': 0.0, 'validation': 0.0}","{'Apple': 0.7248322147651006, 'Avocado': 0.8945524052245938, 'Banana': 0.7011494252873564, 'Grape': 0.6519546027742749, 'Mango': 0.5597269624573379, 'Melon': 0.4135593220338983, 'Orange': 0.753408648227503, 'Peach': 0.8152866242038217, 'Pear': 0.411214953271028, 'Tomato': 0.813018506700702, 'train': 0.0, 'validation': 0.0}","{'Apple': 333, 'Avocado': 1547, 'Banana': 907, 'Grape': 783, 'Mango': 175, 'Melon': 178, 'Orange': 1163, 'Peach': 87, 'Pear': 79, 'Tomato': 760, 'train': 0, 'validation': 489}","[[216, 15, 29, 11, 2, 3, 29, 0, 0, 24, 4, 0], [2, 1404, 23, 66, 0, 3, 33, 0, 0, 14, 2, 0], [6, 24, 671, 41, 9, 11, 95, 1, 1, 25, 23, 0], [11, 76, 44, 517, 4, 6, 81, 1, 2, 13, 28, 0], [0, 8, 23, 12, 82, 5, 27, 0, 0, 12, 6, 0], [3, 12, 44, 10, 0, 61, 21, 0, 1, 14, 12, 0], [7, 17, 41, 43, 10, 15, 967, 3, 0, 45, 15, 0], [1, 1, 7, 0, 0, 0, 10, 64, 0, 3, 1, 0], [2, 1, 30, 7, 1, 3, 8, 0, 22, 1, 4, 0], [6, 19, 12, 21, 6, 4, 43, 0, 0, 637, 12, 0], [0, 0, 0, 0, 0, 0, 0, 0, 0, 0, 0, 0], [9, 15, 83, 75, 4, 6, 90, 1, 2, 19, 185, 0]]"
LightGBM,200,0.05,63,10,0.7551145977541917,0.6695825540663493,0.5875498493896539,0.6133358628028169,4.914509199996246,0.02684065528136475,6501,12,"['Apple', 'Avocado', 'Banana', 'Grape', 'Mango', 'Melon', 'Orange', 'Peach', 'Pear', 'Tomato', 'train', 'validation']","{'Apple': 0.8315789473684211, 'Avocado': 0.9158227848101266, 'Banana': 0.7144278606965174, 'Grape': 0.6947890818858561, 'Mango': 0.808, 'Melon': 0.5877862595419847, 'Orange': 0.7584905660377359, 'Peach': 1.0, 'Pear': 0.896551724137931, 'Tomato': 0.8275434243176178, 'train': 0.0, 'validation': 0.0}","{'Apple': 0.7117117117117117, 'Avocado': 0.9353587588881707, 'Banana': 0.7916207276736494, 'Grape': 0.7151979565772669, 'Mango': 0.5771428571428572, 'Melon': 0.43258426966292135, 'Orange': 0.8641444539982803, 'Peach': 0.8160919540229885, 'Pear': 0.3291139240506329, 'Tomato': 0.8776315789473684, 'train': 0.0, 'validation': 0.0}","{'Apple': 0.7669902912621359, 'Avocado': 0.925487687879757, 'Banana': 0.7510460251046025, 'Grape': 0.7048458149779736, 'Mango': 0.6733333333333333, 'Melon': 0.49838187702265374, 'Orange': 0.8078778135048231, 'Peach': 0.8987341772151899, 'Pear': 0.48148148148148145, 'Tomato': 0.8518518518518519, 'train': 0.0, 'validation': 0.0}","{'Apple': 333, 'Avocado': 1547, 'Banana': 907, 'Grape': 783, 'Mango': 175, 'Melon': 178, 'Orange': 1163, 'Peach': 87, 'Pear': 79, 'Tomato': 760, 'train': 0, 'validation': 489}","[[237, 5, 25, 14, 1, 3, 26, 0, 0, 17, 5, 0], [1, 1447, 12, 49, 0, 3, 16, 0, 0, 16, 3, 0], [4, 17, 718, 42, 7, 11, 56, 0, 0, 23, 29, 0], [8, 59, 39, 560, 6, 8, 57, 0, 1, 14, 31, 0], [0, 10, 20, 10, 101, 4, 16, 0, 0, 8, 6, 0], [2, 6, 36, 9, 1, 77, 26, 0, 0, 9, 12, 0], [11, 12, 28, 33, 5, 14, 1005, 0, 0, 38, 17, 0], [2, 0, 5, 0, 0, 0, 5, 71, 0, 2, 2, 0], [1, 1, 30, 5, 1, 1, 8, 0, 26, 0, 6, 0], [8, 10, 13, 18, 2, 5, 37, 0, 0, 667, 0, 0], [0, 0, 0, 0, 0, 0, 0, 0, 0, 0, 0, 0], [11, 13, 79, 66, 1, 5, 73, 0, 2, 12, 227, 0]]"
LightGBM,200,0.05,63,-1,0.7548069527764959,0.66160536389097,0.5843952894477099,0.6087768433915128,5.369013799994718,0.030202153514511398,6501,12,"['Apple', 'Avocado', 'Banana', 'Grape', 'Mango', 'Melon', 'Orange', 'Peach', 'Pear', 'Tomato', 'train', 'validation']","{'Apple': 0.8456140350877193, 'Avocado': 0.9148802017654477, 'Banana': 0.7242063492063492, 'Grape': 0.6864931846344485, 'Mango': 0.7868852459016393, 'Melon': 0.568, 'Orange': 0.7537650602409639, 'Peach': 1.0, 'Pear': 0.8333333333333334, 'Tomato': 0.8260869565217391, 'train': 0.0, 'validation': 0.0}","{'Apple': 0.7237237237237237, 'Avocado': 0.9379444085326438, 'Banana': 0.804851157662624, 'Grape': 0.7075351213282248, 'Mango': 0.5485714285714286, 'Melon': 0.398876404494382, 'Orange': 0.8607050730868444, 'Peach': 0.8390804597701149, 'Pear': 0.31645569620253167, 'Tomato': 0.875, 'train': 0.0, 'validation': 0.0}","{'Apple': 0.7799352750809061, 'Avocado': 0.9262687519948931, 'Banana': 0.762402088772846, 'Grape': 0.6968553459119496, 'Mango': 0.6464646464646465, 'Melon': 0.46864686468646866, 'Orange': 0.8036932958651144, 'Peach': 0.9125, 'Pear': 0.45871559633027525, 'Tomato': 0.8498402555910544, 'train': 0.0, 'validation': 0.0}","{'Apple': 333, 'Avocado': 1547, 'Banana': 907, 'Grape': 783, 'Mango': 175, 'Melon': 178, 'Orange': 1163, 'Peach': 87, 'Pear': 79, 'Tomato': 760, 'train': 0, 'validation': 489}","[[241, 5, 16, 14, 1, 3, 28, 0, 0, 20, 5, 0], [0, 1451, 16, 47, 0, 1, 18, 0, 0, 12, 2, 0], [3, 18, 730, 40, 8, 10, 56, 0, 1, 19, 22, 0], [8, 62, 39, 554, 4, 8, 62, 0, 1, 17, 28, 0], [0, 10, 17, 11, 96, 5, 18, 0, 0, 11, 7, 0], [1, 6, 38, 8, 3, 71, 28, 0, 0, 11, 12, 0], [12, 13, 31, 36, 3, 14, 1001, 0, 0, 36, 17, 0], [1, 0, 5, 0, 0, 0, 5, 73, 0, 2, 1, 0], [2, 0, 27, 4, 1, 4, 9, 0, 25, 0, 7, 0], [7, 10, 13, 21, 3, 5, 34, 0, 0, 665, 2, 0], [0, 0, 0, 0, 0, 0, 0, 0, 0, 0, 0, 0], [10, 11, 76, 72, 3, 4, 69, 0, 3, 12, 229, 0]]"
LightGBM,200,0.1,15,5,0.7269650822950315,0.6171557692627109,0.5582572502517591,0.5764443165761955,2.4247236999799497,0.01407451161766908,6501,12,"['Apple', 'Avocado', 'Banana', 'Grape', 'Mango', 'Melon', 'Orange', 'Peach', 'Pear', 'Tomato', 'train', 'validation']","{'Apple': 0.8198529411764706, 'Avocado': 0.893125, 'Banana': 0.6912820512820513, 'Grape': 0.66625, 'Mango': 0.7086614173228346, 'Melon': 0.5151515151515151, 'Orange': 0.7074235807860262, 'Peach': 0.9367088607594937, 'Pear': 0.6666666666666666, 'Tomato': 0.800747198007472, 'train': 0.0, 'validation': 0.0}","{'Apple': 0.6696696696696697, 'Avocado': 0.9237233354880414, 'Banana': 0.743109151047409, 'Grape': 0.6807151979565773, 'Mango': 0.5142857142857142, 'Melon': 0.38202247191011235, 'Orange': 0.8357695614789338, 'Peach': 0.8505747126436781, 'Pear': 0.25316455696202533, 'Tomato': 0.8460526315789474, 'train': 0.0, 'validation': 0.0}","{'Apple': 0.7371900826446282, 'Avocado': 0.9081665077851923, 'Banana': 0.7162592986184909, 'Grape': 0.673404927353127, 'Mango': 0.5960264900662252, 'Melon': 0.43870967741935485, 'Orange': 0.7662593614505321, 'Peach': 0.891566265060241, 'Pear': 0.3669724770642202, 'Tomato': 0.8227767114523352, 'train': 0.0, 'validation': 0.0}","{'Apple': 333, 'Avocado': 1547, 'Banana': 907, 'Grape': 783, 'Mango': 175, 'Melon': 178, 'Orange': 1163, 'Peach': 87, 'Pear': 79, 'Tomato': 760, 'train': 0, 'validation': 489}","[[223, 12, 26, 12, 2, 5, 30, 0, 0, 19, 4, 0], [0, 1429, 17, 49, 2, 3, 21, 0, 0, 22, 4, 0], [5, 20, 674, 47, 6, 9, 97, 1, 0, 20, 28, 0], [11, 69, 38, 533, 4, 6, 70, 0, 4, 15, 33, 0], [0, 12, 13, 13, 90, 5, 22, 0, 2, 12, 6, 0], [3, 9, 39, 9, 2, 68, 23, 0, 0, 13, 12, 0], [9, 16, 40, 39, 9, 17, 972, 3, 1, 39, 18, 0], [1, 0, 3, 0, 0, 0, 5, 74, 0, 3, 1, 0], [2, 1, 30, 6, 2, 3, 9, 0, 20, 3, 3, 0], [5, 15, 18, 20, 6, 8, 33, 0, 0, 643, 12, 0], [0, 0, 0, 0, 0, 0, 0, 0, 0, 0, 0, 0], [13, 17, 77, 72, 4, 8, 92, 1, 3, 14, 188, 0]]"
LightGBM,200,0.1,15,10,0.7329641593600984,0.6305181432123663,0.5624616632576297,0.5822996362494324,2.228348200005712,0.015176049836168753,6501,12,"['Apple', 'Avocado', 'Banana', 'Grape', 'Mango', 'Melon', 'Orange', 'Peach', 'Pear', 'Tomato', 'train', 'validation']","{'Apple': 0.803448275862069, 'Avocado': 0.9008838383838383, 'Banana': 0.6990788126919141, 'Grape': 0.6646266829865362, 'Mango': 0.7692307692307693, 'Melon': 0.5343511450381679, 'Orange': 0.7097472924187725, 'Peach': 0.935064935064935, 'Pear': 0.7407407407407407, 'Tomato': 0.8090452261306532, 'train': 0.0, 'validation': 0.0}","{'Apple': 0.6996996996996997, 'Avocado': 0.9224305106658048, 'Banana': 0.75303197353914, 'Grape': 0.6934865900383141, 'Mango': 0.5142857142857142, 'Melon': 0.39325842696629215, 'Orange': 0.8452278589853827, 'Peach': 0.8275862068965517, 'Pear': 0.25316455696202533, 'Tomato': 0.8473684210526315, 'train': 0.0, 'validation': 0.0}","{'Apple': 0.7479935794542536, 'Avocado': 0.9115298626636857, 'Banana': 0.7250530785562632, 'Grape': 0.67875, 'Mango': 0.6164383561643836, 'Melon': 0.45307443365695793, 'Orange': 0.771585557299843, 'Peach': 0.8780487804878049, 'Pear': 0.37735849056603776, 'Tomato': 0.8277634961439588, 'train': 0.0, 'validation': 0.0}","{'Apple': 333, 'Avocado': 1547, 'Banana': 907, 'Grape': 783, 'Mango': 175, 'Melon': 178, 'Orange': 1163, 'Peach': 87, 'Pear': 79, 'Tomato': 760, 'train': 0, 'validation': 489}","[[233, 6, 18, 12, 1, 2, 32, 0, 0, 24, 5, 0], [0, 1427, 17, 56, 0, 4, 24, 0, 0, 19, 0, 0], [5, 20, 683, 46, 5, 14, 90, 1, 0, 19, 24, 0], [12, 63, 42, 543, 7, 5, 70, 0, 1, 14, 26, 0], [1, 10, 20, 9, 90, 4, 25, 0, 1, 10, 5, 0], [2, 7, 34, 11, 1, 70, 23, 0, 0, 14, 16, 0], [9, 17, 38, 41, 4, 18, 983, 3, 3, 37, 10, 0], [2, 0, 5, 0, 0, 0, 6, 72, 0, 1, 1, 0], [3, 1, 29, 5, 1, 2, 10, 0, 20, 2, 6, 0], [9, 17, 15, 19, 5, 7, 40, 0, 1, 644, 3, 0], [0, 0, 0, 0, 0, 0, 0, 0, 0, 0, 0, 0], [14, 16, 76, 75, 3, 5, 82, 1, 1, 12, 204, 0]]"
LightGBM,200,0.1,15,-1,0.7329641593600984,0.617755716658691,0.5626320312589526,0.5798301849030348,2.3617309000110254,0.014949684665978031,6501,12,"['Apple', 'Avocado', 'Banana', 'Grape', 'Mango', 'Melon', 'Orange', 'Peach', 'Pear', 'Tomato', 'train', 'validation']","{'Apple': 0.8, 'Avocado': 0.8956631049654306, 'Banana': 0.6989795918367347, 'Grape': 0.6638036809815951, 'Mango': 0.7076923076923077, 'Melon': 0.5223880597014925, 'Orange': 0.71875, 'Peach': 0.948051948051948, 'Pear': 0.6451612903225806, 'Tomato': 0.8125786163522013, 'train': 0.0, 'validation': 0.0}","{'Apple': 0.6726726726726727, 'Avocado': 0.9211376858435681, 'Banana': 0.7552370452039692, 'Grape': 0.6909323116219668, 'Mango': 0.5257142857142857, 'Melon': 0.39325842696629215, 'Orange': 0.8503869303525365, 'Peach': 0.8390804597701149, 'Pear': 0.25316455696202533, 'Tomato': 0.85, 'train': 0.0, 'validation': 0.0}","{'Apple': 0.7308319738988581, 'Avocado': 0.9082217973231358, 'Banana': 0.7260201377848436, 'Grape': 0.6770963704630788, 'Mango': 0.6032786885245902, 'Melon': 0.44871794871794873, 'Orange': 0.7790468688460024, 'Peach': 0.8902439024390244, 'Pear': 0.36363636363636365, 'Tomato': 0.8308681672025724, 'train': 0.0, 'validation': 0.0}","{'Apple': 333, 'Avocado': 1547, 'Banana': 907, 'Grape': 783, 'Mango': 175, 'Melon': 178, 'Orange': 1163, 'Peach': 87, 'Pear': 79, 'Tomato': 760, 'train': 0, 'validation': 489}","[[224, 8, 24, 12, 1, 4, 33, 0, 0, 23, 4, 0], [1, 1425, 20, 58, 0, 3, 23, 0, 0, 17, 0, 0], [6, 22, 685, 45, 7, 13, 78, 0, 3, 22, 26, 0], [12, 68, 39, 541, 9, 7, 69, 0, 1, 11, 26, 0], [0, 11, 19, 9, 92, 4, 23, 0, 2, 12, 3, 0], [3, 8, 34, 11, 1, 70, 27, 0, 0, 11, 13, 0], [10, 18, 33, 39, 7, 17, 989, 3, 1, 36, 10, 0], [2, 0, 3, 0, 0, 0, 6, 73, 0, 2, 1, 0], [2, 1, 27, 6, 1, 2, 9, 1, 20, 2, 8, 0], [7, 15, 17, 20, 7, 7, 36, 0, 0, 646, 5, 0], [0, 0, 0, 0, 0, 0, 0, 0, 0, 0, 0, 0], [13, 15, 79, 74, 5, 7, 83, 0, 4, 13, 196, 0]]"
LightGBM,200,0.1,31,5,0.7418858637132749,0.6371065492894409,0.5723161047307143,0.5919267610090094,2.591304500005208,0.01882673435223599,6501,12,"['Apple', 'Avocado', 'Banana', 'Grape', 'Mango', 'Melon', 'Orange', 'Peach', 'Pear', 'Tomato', 'train', 'validation']","{'Apple': 0.8297872340425532, 'Avocado': 0.9090909090909091, 'Banana': 0.7052845528455285, 'Grape': 0.677860696517413, 'Mango': 0.7540983606557377, 'Melon': 0.5407407407407407, 'Orange': 0.7404637247569185, 'Peach': 0.9125, 'Pear': 0.7586206896551724, 'Tomato': 0.8168316831683168, 'train': 0.0, 'validation': 0.0}","{'Apple': 0.7027027027027027, 'Avocado': 0.9308338720103426, 'Banana': 0.7651598676957001, 'Grape': 0.6960408684546615, 'Mango': 0.5257142857142857, 'Melon': 0.4101123595505618, 'Orange': 0.8512467755803955, 'Peach': 0.8390804597701149, 'Pear': 0.27848101265822783, 'Tomato': 0.868421052631579, 'train': 0.0, 'validation': 0.0}","{'Apple': 0.7609756097560976, 'Avocado': 0.9198339188757585, 'Banana': 0.7340031729243787, 'Grape': 0.6868304977945809, 'Mango': 0.6195286195286195, 'Melon': 0.46645367412140576, 'Orange': 0.792, 'Peach': 0.874251497005988, 'Pear': 0.4074074074074074, 'Tomato': 0.8418367346938775, 'train': 0.0, 'validation': 0.0}","{'Apple': 333, 'Avocado': 1547, 'Banana': 907, 'Grape': 783, 'Mango': 175, 'Melon': 178, 'Orange': 1163, 'Peach': 87, 'Pear': 79, 'Tomato': 760, 'train': 0, 'validation': 489}","[[234, 7, 22, 12, 2, 6, 27, 0, 0, 18, 5, 0], [0, 1440, 13, 53, 1, 5, 16, 0, 0, 16, 3, 0], [6, 18, 694, 48, 4, 11, 75, 2, 1, 20, 28, 0], [11, 63, 38, 545, 5, 6, 61, 0, 4, 15, 35, 0], [3, 8, 20, 12, 92, 4, 20, 0, 0, 9, 7, 0], [1, 5, 39, 9, 2, 73, 22, 0, 0, 12, 15, 0], [8, 16, 35, 32, 6, 15, 990, 4, 0, 39, 18, 0], [1, 0, 4, 0, 0, 0, 6, 73, 0, 2, 1, 0], [2, 0, 30, 6, 1, 3, 7, 0, 22, 3, 5, 0], [5, 13, 10, 19, 6, 6, 32, 0, 0, 660, 9, 0], [0, 0, 0, 0, 0, 0, 0, 0, 0, 0, 0, 0], [11, 14, 79, 68, 3, 6, 81, 1, 2, 14, 210, 0]]"
LightGBM,200,0.1,31,10,0.7509613905552992,0.6540317209047922,0.5832968230540329,0.6046664383780306,3.2560359000053722,0.01725766805126384,6501,12,"['Apple', 'Avocado', 'Banana', 'Grape', 'Mango', 'Melon', 'Orange', 'Peach', 'Pear', 'Tomato', 'train', 'validation']","{'Apple': 0.8247422680412371, 'Avocado': 0.9108040201005025, 'Banana': 0.7189079878665319, 'Grape': 0.6829573934837093, 'Mango': 0.792, 'Melon': 0.556390977443609, 'Orange': 0.7578065498857578, 'Peach': 0.961038961038961, 'Pear': 0.8214285714285714, 'Tomato': 0.8223039215686274, 'train': 0.0, 'validation': 0.0}","{'Apple': 0.7207207207207207, 'Avocado': 0.9372979961215255, 'Banana': 0.7839029768467475, 'Grape': 0.6960408684546615, 'Mango': 0.5657142857142857, 'Melon': 0.4157303370786517, 'Orange': 0.8555460017196904, 'Peach': 0.8505747126436781, 'Pear': 0.2911392405063291, 'Tomato': 0.8828947368421053, 'train': 0.0, 'validation': 0.0}","{'Apple': 0.7692307692307693, 'Avocado': 0.9238611022618668, 'Banana': 0.75, 'Grape': 0.6894370651486401, 'Mango': 0.66, 'Melon': 0.4758842443729904, 'Orange': 0.8037156704361874, 'Peach': 0.9024390243902439, 'Pear': 0.42990654205607476, 'Tomato': 0.8515228426395939, 'train': 0.0, 'validation': 0.0}","{'Apple': 333, 'Avocado': 1547, 'Banana': 907, 'Grape': 783, 'Mango': 175, 'Melon': 178, 'Orange': 1163, 'Peach': 87, 'Pear': 79, 'Tomato': 760, 'train': 0, 'validation': 489}","[[240, 6, 24, 10, 2, 3, 26, 0, 0, 17, 5, 0], [0, 1450, 18, 45, 0, 4, 12, 0, 0, 15, 3, 0], [5, 21, 711, 40, 6, 13, 58, 0, 0, 24, 29, 0], [11, 59, 42, 545, 6, 5, 62, 0, 2, 13, 38, 0], [1, 12, 13, 9, 99, 2, 18, 0, 0, 14, 7, 0], [1, 7, 33, 11, 2, 74, 28, 0, 0, 11, 11, 0], [11, 11, 29, 37, 4, 19, 995, 2, 1, 33, 21, 0], [1, 0, 4, 0, 0, 0, 4, 74, 0, 2, 2, 0], [1, 1, 28, 6, 1, 2, 9, 1, 23, 1, 6, 0], [8, 11, 10, 18, 3, 5, 32, 0, 1, 671, 1, 0], [0, 0, 0, 0, 0, 0, 0, 0, 0, 0, 0, 0], [12, 14, 77, 77, 2, 6, 69, 0, 1, 15, 216, 0]]"
LightGBM,200,0.1,31,-1,0.7564990001538225,0.6625027776198644,0.5858692480554671,0.6088755833702112,3.546356900013052,0.01871333640953963,6501,12,"['Apple', 'Avocado', 'Banana', 'Grape', 'Mango', 'Melon', 'Orange', 'Peach', 'Pear', 'Tomato', 'train', 'validation']","{'Apple': 0.8398576512455516, 'Avocado': 0.9157232704402516, 'Banana': 0.7356205852674067, 'Grape': 0.6789667896678967, 'Mango': 0.7857142857142857, 'Melon': 0.5725190839694656, 'Orange': 0.7619047619047619, 'Peach': 0.9866666666666667, 'Pear': 0.8518518518518519, 'Tomato': 0.8212083847102343, 'train': 0.0, 'validation': 0.0}","{'Apple': 0.7087087087087087, 'Avocado': 0.9411764705882353, 'Banana': 0.8037486218302095, 'Grape': 0.7049808429118773, 'Mango': 0.5657142857142857, 'Melon': 0.42134831460674155, 'Orange': 0.8667239896818573, 'Peach': 0.8505747126436781, 'Pear': 0.2911392405063291, 'Tomato': 0.8763157894736842, 'train': 0.0, 'validation': 0.0}","{'Apple': 0.7687296416938111, 'Avocado': 0.9282754223780683, 'Banana': 0.768177028451001, 'Grape': 0.6917293233082706, 'Mango': 0.6578073089700996, 'Melon': 0.4854368932038835, 'Orange': 0.8109412711182623, 'Peach': 0.9135802469135802, 'Pear': 0.4339622641509434, 'Tomato': 0.8478676002546149, 'train': 0.0, 'validation': 0.0}","{'Apple': 333, 'Avocado': 1547, 'Banana': 907, 'Grape': 783, 'Mango': 175, 'Melon': 178, 'Orange': 1163, 'Peach': 87, 'Pear': 79, 'Tomato': 760, 'train': 0, 'validation': 489}","[[236, 5, 21, 11, 0, 4, 30, 0, 0, 21, 5, 0], [0, 1456, 10, 44, 1, 2, 17, 0, 0, 15, 2, 0], [5, 17, 729, 44, 4, 12, 54, 0, 0, 18, 24, 0], [8, 61, 45, 552, 5, 4, 61, 0, 1, 16, 30, 0], [0, 11, 14, 11, 99, 3, 14, 0, 0, 16, 7, 0], [1, 8, 29, 10, 2, 75, 26, 0, 0, 11, 16, 0], [10, 7, 27, 33, 4, 19, 1008, 0, 1, 32, 22, 0], [1, 0, 4, 0, 0, 0, 5, 74, 0, 2, 1, 0], [2, 1, 25, 8, 1, 2, 8, 1, 23, 1, 7, 0], [8, 12, 12, 17, 5, 5, 32, 0, 1, 666, 2, 0], [0, 0, 0, 0, 0, 0, 0, 0, 0, 0, 0, 0], [10, 12, 75, 83, 5, 5, 68, 0, 1, 13, 217, 0]]"
LightGBM,200,0.1,63,5,0.738194123980926,0.6304994777928002,0.5648653488543093,0.5848887564098343,2.3371649000036996,0.018005506845189402,6501,12,"['Apple', 'Avocado', 'Banana', 'Grape', 'Mango', 'Melon', 'Orange', 'Peach', 'Pear', 'Tomato', 'train', 'validation']","{'Apple': 0.8133802816901409, 'Avocado': 0.9074889867841409, 'Banana': 0.7088866189989785, 'Grape': 0.6818181818181818, 'Mango': 0.7461538461538462, 'Melon': 0.5230769230769231, 'Orange': 0.7312546399406088, 'Peach': 0.9342105263157895, 'Pear': 0.7037037037037037, 'Tomato': 0.8160200250312891, 'train': 0.0, 'validation': 0.0}","{'Apple': 0.6936936936936937, 'Avocado': 0.9321266968325792, 'Banana': 0.7651598676957001, 'Grape': 0.6896551724137931, 'Mango': 0.5542857142857143, 'Melon': 0.38202247191011235, 'Orange': 0.8469475494411006, 'Peach': 0.8160919540229885, 'Pear': 0.24050632911392406, 'Tomato': 0.8578947368421053, 'train': 0.0, 'validation': 0.0}","{'Apple': 0.7487844408427877, 'Avocado': 0.9196428571428571, 'Banana': 0.735949098621421, 'Grape': 0.6857142857142857, 'Mango': 0.6360655737704918, 'Melon': 0.44155844155844154, 'Orange': 0.7848605577689243, 'Peach': 0.8711656441717791, 'Pear': 0.3584905660377358, 'Tomato': 0.8364336112892881, 'train': 0.0, 'validation': 0.0}","{'Apple': 333, 'Avocado': 1547, 'Banana': 907, 'Grape': 783, 'Mango': 175, 'Melon': 178, 'Orange': 1163, 'Peach': 87, 'Pear': 79, 'Tomato': 760, 'train': 0, 'validation': 489}","[[231, 5, 18, 11, 2, 5, 34, 0, 0, 21, 6, 0], [0, 1442, 15, 49, 0, 6, 16, 0, 0, 17, 2, 0], [7, 16, 694, 44, 6, 11, 77, 1, 1, 18, 32, 0], [11, 64, 38, 540, 6, 6, 63, 0, 4, 16, 35, 0], [2, 8, 17, 11, 97, 4, 17, 0, 1, 10, 8, 0], [2, 9, 34, 11, 1, 68, 26, 0, 0, 11, 16, 0], [9, 13, 34, 39, 8, 16, 985, 3, 0, 37, 19, 0], [1, 0, 5, 0, 0, 0, 7, 71, 0, 2, 1, 0], [3, 0, 29, 5, 1, 3, 11, 0, 19, 2, 6, 0], [9, 16, 11, 21, 5, 7, 32, 0, 0, 652, 7, 0], [0, 0, 0, 0, 0, 0, 0, 0, 0, 0, 0, 0], [9, 16, 84, 61, 4, 4, 79, 1, 2, 13, 216, 0]]"
LightGBM,200,0.1,63,10,0.7643439470850638,0.6740872910932639,0.5916561239284788,0.6167881929051209,4.351326400006656,0.029552361173921998,6501,12,"['Apple', 'Avocado', 'Banana', 'Grape', 'Mango', 'Melon', 'Orange', 'Peach', 'Pear', 'Tomato', 'train', 'validation']","{'Apple': 0.8551236749116607, 'Avocado': 0.9203539823008849, 'Banana': 0.7356435643564356, 'Grape': 0.6934306569343066, 'Mango': 0.8278688524590164, 'Melon': 0.5528455284552846, 'Orange': 0.7786259541984732, 'Peach': 1.0, 'Pear': 0.8928571428571429, 'Tomato': 0.8322981366459627, 'train': 0.0, 'validation': 0.0}","{'Apple': 0.7267267267267268, 'Avocado': 0.9411764705882353, 'Banana': 0.8191841234840133, 'Grape': 0.7279693486590039, 'Mango': 0.5771428571428572, 'Melon': 0.38202247191011235, 'Orange': 0.8770421324161651, 'Peach': 0.8505747126436781, 'Pear': 0.31645569620253167, 'Tomato': 0.881578947368421, 'train': 0.0, 'validation': 0.0}","{'Apple': 0.7857142857142857, 'Avocado': 0.930648769574944, 'Banana': 0.775169535732916, 'Grape': 0.7102803738317757, 'Mango': 0.6801346801346801, 'Melon': 0.45182724252491696, 'Orange': 0.8249090173877881, 'Peach': 0.9192546583850931, 'Pear': 0.4672897196261682, 'Tomato': 0.8562300319488818, 'train': 0.0, 'validation': 0.0}","{'Apple': 333, 'Avocado': 1547, 'Banana': 907, 'Grape': 783, 'Mango': 175, 'Melon': 178, 'Orange': 1163, 'Peach': 87, 'Pear': 79, 'Tomato': 760, 'train': 0, 'validation': 489}","[[242, 4, 19, 13, 0, 7, 28, 0, 0, 16, 4, 0], [0, 1456, 11, 48, 0, 2, 12, 0, 0, 14, 4, 0], [5, 14, 743, 40, 6, 12, 46, 0, 0, 18, 23, 0], [9, 53, 42, 570, 2, 5, 55, 0, 2, 13, 32, 0], [0, 11, 16, 12, 101, 2, 17, 0, 0, 12, 4, 0], [1, 8, 34, 12, 2, 68, 28, 0, 0, 13, 12, 0], [9, 12, 24, 34, 1, 13, 1020, 0, 0, 34, 16, 0], [1, 0, 4, 0, 0, 0, 4, 74, 0, 3, 1, 0], [1, 1, 28, 7, 2, 1, 7, 0, 25, 0, 7, 0], [8, 9, 10, 17, 4, 5, 33, 0, 0, 670, 4, 0], [0, 0, 0, 0, 0, 0, 0, 0, 0, 0, 0, 0], [7, 14, 79, 69, 4, 8, 60, 0, 1, 12, 235, 0]]"
LightGBM,200,0.1,63,-1,0.7669589293954776,0.6734140588073795,0.592485120891391,0.6182176369157729,6.416717599990079,0.03823540993445991,6501,12,"['Apple', 'Avocado', 'Banana', 'Grape', 'Mango', 'Melon', 'Orange', 'Peach', 'Pear', 'Tomato', 'train', 'validation']","{'Apple': 0.8571428571428571, 'Avocado': 0.9245402663284717, 'Banana': 0.7407776669990029, 'Grape': 0.7062423500611995, 'Mango': 0.8389830508474576, 'Melon': 0.568, 'Orange': 0.7833078101071975, 'Peach': 1.0, 'Pear': 0.8333333333333334, 'Tomato': 0.828641370869033, 'train': 0.0, 'validation': 0.0}","{'Apple': 0.7207207207207207, 'Avocado': 0.9424692954104719, 'Banana': 0.8191841234840133, 'Grape': 0.7369093231162197, 'Mango': 0.5657142857142857, 'Melon': 0.398876404494382, 'Orange': 0.8796216680997421, 'Peach': 0.8390804597701149, 'Pear': 0.31645569620253167, 'Tomato': 0.8907894736842106, 'train': 0.0, 'validation': 0.0}","{'Apple': 0.7830342577487766, 'Avocado': 0.9334186939820742, 'Banana': 0.7780104712041885, 'Grape': 0.72125, 'Mango': 0.6757679180887372, 'Melon': 0.46864686468646866, 'Orange': 0.8286755771567437, 'Peach': 0.9125, 'Pear': 0.45871559633027525, 'Tomato': 0.8585922637920101, 'train': 0.0, 'validation': 0.0}","{'Apple': 333, 'Avocado': 1547, 'Banana': 907, 'Grape': 783, 'Mango': 175, 'Melon': 178, 'Orange': 1163, 'Peach': 87, 'Pear': 79, 'Tomato': 760, 'train': 0, 'validation': 489}","[[240, 5, 21, 11, 1, 3, 31, 0, 0, 16, 5, 0], [0, 1458, 12, 42, 0, 1, 15, 0, 0, 16, 3, 0], [2, 15, 743, 39, 6, 14, 42, 0, 2, 17, 27, 0], [10, 52, 40, 577, 3, 7, 50, 0, 1, 17, 26, 0], [0, 8, 20, 10, 99, 5, 14, 0, 0, 15, 4, 0], [1, 5, 33, 13, 2, 71, 28, 0, 0, 12, 13, 0], [9, 15, 24, 30, 3, 12, 1023, 0, 0, 27, 20, 0], [1, 0, 4, 0, 0, 0, 4, 73, 0, 4, 1, 0], [1, 0, 26, 8, 1, 4, 8, 0, 25, 2, 4, 0], [6, 8, 10, 19, 2, 4, 32, 0, 0, 677, 2, 0], [0, 0, 0, 0, 0, 0, 0, 0, 0, 0, 0, 0], [10, 11, 70, 68, 1, 4, 59, 0, 2, 14, 250, 0]]"
LightGBM,300,0.03,15,5,0.6968158744808491,0.5958982053860984,0.5219840958043575,0.5435724924776074,3.2423713999742176,0.028311029074105026,6501,12,"['Apple', 'Avocado', 'Banana', 'Grape', 'Mango', 'Melon', 'Orange', 'Peach', 'Pear', 'Tomato', 'train', 'validation']","{'Apple': 0.7722007722007722, 'Avocado': 0.8713927227101631, 'Banana': 0.6429980276134122, 'Grape': 0.6282853566958698, 'Mango': 0.6666666666666666, 'Melon': 0.4959349593495935, 'Orange': 0.6521438450899032, 'Peach': 0.9428571428571428, 'Pear': 0.7037037037037037, 'Tomato': 0.7745952677459527, 'train': 0.0, 'validation': 0.0}","{'Apple': 0.6006006006006006, 'Avocado': 0.8978668390433097, 'Banana': 0.7188533627342889, 'Grape': 0.6411238825031929, 'Mango': 0.4342857142857143, 'Melon': 0.34269662921348315, 'Orange': 0.8108340498710233, 'Peach': 0.7586206896551724, 'Pear': 0.24050632911392406, 'Tomato': 0.8184210526315789, 'train': 0.0, 'validation': 0.0}","{'Apple': 0.6756756756756757, 'Avocado': 0.8844317096466093, 'Banana': 0.678813118167621, 'Grape': 0.6346396965865992, 'Mango': 0.5259515570934256, 'Melon': 0.4053156146179402, 'Orange': 0.7228823303947872, 'Peach': 0.8407643312101911, 'Pear': 0.3584905660377358, 'Tomato': 0.7959053103007038, 'train': 0.0, 'validation': 0.0}","{'Apple': 333, 'Avocado': 1547, 'Banana': 907, 'Grape': 783, 'Mango': 175, 'Melon': 178, 'Orange': 1163, 'Peach': 87, 'Pear': 79, 'Tomato': 760, 'train': 0, 'validation': 489}","[[200, 14, 33, 16, 0, 7, 33, 0, 0, 28, 2, 0], [3, 1389, 21, 71, 0, 3, 39, 0, 0, 18, 3, 0], [7, 24, 652, 45, 7, 12, 116, 1, 0, 24, 19, 0], [12, 83, 46, 502, 6, 6, 90, 0, 4, 11, 23, 0], [0, 14, 22, 11, 76, 5, 30, 0, 1, 11, 5, 0], [5, 8, 46, 11, 1, 61, 24, 0, 1, 10, 11, 0], [11, 23, 49, 45, 9, 19, 943, 3, 0, 51, 10, 0], [0, 0, 2, 0, 0, 0, 11, 66, 0, 7, 1, 0], [3, 1, 34, 6, 1, 1, 8, 0, 19, 2, 4, 0], [7, 23, 20, 18, 7, 5, 46, 0, 0, 622, 12, 0], [0, 0, 0, 0, 0, 0, 0, 0, 0, 0, 0, 0], [11, 15, 89, 74, 7, 4, 106, 0, 2, 19, 162, 0]]"
LightGBM,300,0.03,15,10,0.7029687740347639,0.6119404577032191,0.5336911628728805,0.5564365309136406,3.4487542000133544,0.02404454699115777,6501,12,"['Apple', 'Avocado', 'Banana', 'Grape', 'Mango', 'Melon', 'Orange', 'Peach', 'Pear', 'Tomato', 'train', 'validation']","{'Apple': 0.762962962962963, 'Avocado': 0.8722466960352423, 'Banana': 0.6453831041257367, 'Grape': 0.6283950617283951, 'Mango': 0.719626168224299, 'Melon': 0.5166666666666667, 'Orange': 0.6655076495132128, 'Peach': 0.958904109589041, 'Pear': 0.7857142857142857, 'Tomato': 0.7878787878787878, 'train': 0.0, 'validation': 0.0}","{'Apple': 0.6186186186186187, 'Avocado': 0.8959276018099548, 'Banana': 0.7243660418963617, 'Grape': 0.6500638569604087, 'Mango': 0.44, 'Melon': 0.34831460674157305, 'Orange': 0.822871883061049, 'Peach': 0.8045977011494253, 'Pear': 0.27848101265822783, 'Tomato': 0.8210526315789474, 'train': 0.0, 'validation': 0.0}","{'Apple': 0.6832504145936982, 'Avocado': 0.8839285714285714, 'Banana': 0.6825974025974026, 'Grape': 0.6390458254865035, 'Mango': 0.5460992907801419, 'Melon': 0.4161073825503356, 'Orange': 0.7358708189158016, 'Peach': 0.875, 'Pear': 0.411214953271028, 'Tomato': 0.8041237113402062, 'train': 0.0, 'validation': 0.0}","{'Apple': 333, 'Avocado': 1547, 'Banana': 907, 'Grape': 783, 'Mango': 175, 'Melon': 178, 'Orange': 1163, 'Peach': 87, 'Pear': 79, 'Tomato': 760, 'train': 0, 'validation': 489}","[[206, 14, 34, 16, 1, 4, 30, 0, 0, 24, 4, 0], [3, 1386, 25, 75, 0, 4, 35, 0, 0, 18, 1, 0], [11, 24, 657, 43, 4, 11, 112, 0, 1, 23, 21, 0], [14, 80, 49, 509, 5, 5, 90, 0, 1, 11, 19, 0], [0, 15, 20, 11, 77, 3, 31, 0, 1, 13, 4, 0], [3, 12, 46, 12, 0, 62, 21, 0, 1, 9, 12, 0], [12, 22, 45, 41, 6, 19, 957, 3, 0, 48, 10, 0], [0, 0, 2, 0, 0, 0, 9, 70, 0, 6, 0, 0], [3, 1, 32, 6, 1, 1, 8, 0, 22, 1, 4, 0], [7, 20, 21, 18, 7, 6, 46, 0, 0, 624, 11, 0], [0, 0, 0, 0, 0, 0, 0, 0, 0, 0, 0, 0], [11, 15, 87, 79, 6, 5, 99, 0, 2, 15, 170, 0]]"
LightGBM,300,0.03,15,-1,0.7009690816797416,0.6137928612240534,0.5303918003581666,0.5529765989575678,3.7216693999944255,0.022445808334464894,6501,12,"['Apple', 'Avocado', 'Banana', 'Grape', 'Mango', 'Melon', 'Orange', 'Peach', 'Pear', 'Tomato', 'train', 'validation']","{'Apple': 0.7602996254681648, 'Avocado': 0.8688010043942247, 'Banana': 0.647984267453294, 'Grape': 0.6352357320099256, 'Mango': 0.7037037037037037, 'Melon': 0.5206611570247934, 'Orange': 0.6549100968188105, 'Peach': 0.958904109589041, 'Pear': 0.8333333333333334, 'Tomato': 0.7816813048933501, 'train': 0.0, 'validation': 0.0}","{'Apple': 0.6096096096096096, 'Avocado': 0.8946347769877182, 'Banana': 0.7265711135611908, 'Grape': 0.6538952745849298, 'Mango': 0.4342857142857143, 'Melon': 0.3539325842696629, 'Orange': 0.8142734307824592, 'Peach': 0.8045977011494253, 'Pear': 0.25316455696202533, 'Tomato': 0.8197368421052632, 'train': 0.0, 'validation': 0.0}","{'Apple': 0.6766666666666666, 'Avocado': 0.8815286624203822, 'Banana': 0.685031185031185, 'Grape': 0.644430459408433, 'Mango': 0.5371024734982333, 'Melon': 0.4214046822742475, 'Orange': 0.725948639325412, 'Peach': 0.875, 'Pear': 0.3883495145631068, 'Tomato': 0.8002569043031471, 'train': 0.0, 'validation': 0.0}","{'Apple': 333, 'Avocado': 1547, 'Banana': 907, 'Grape': 783, 'Mango': 175, 'Melon': 178, 'Orange': 1163, 'Peach': 87, 'Pear': 79, 'Tomato': 760, 'train': 0, 'validation': 489}","[[203, 12, 35, 16, 1, 5, 32, 0, 0, 25, 4, 0], [3, 1384, 29, 68, 0, 3, 42, 0, 0, 17, 1, 0], [12, 24, 659, 43, 6, 11, 111, 0, 1, 21, 19, 0], [12, 79, 47, 512, 5, 5, 91, 0, 0, 10, 22, 0], [0, 15, 19, 12, 76, 3, 32, 0, 0, 14, 4, 0], [3, 13, 39, 13, 1, 63, 23, 0, 1, 10, 12, 0], [11, 27, 49, 40, 7, 19, 947, 3, 0, 52, 8, 0], [1, 0, 2, 0, 0, 0, 8, 70, 0, 6, 0, 0], [3, 1, 31, 6, 1, 1, 10, 0, 20, 2, 4, 0], [7, 23, 22, 18, 7, 6, 45, 0, 0, 623, 9, 0], [0, 0, 0, 0, 0, 0, 0, 0, 0, 0, 0, 0], [12, 15, 85, 78, 4, 5, 105, 0, 2, 17, 166, 0]]"
LightGBM,300,0.03,31,5,0.7109675434548531,0.6199416563997066,0.5339366151937349,0.5584230011470018,3.520632299972931,0.027949961545455836,6501,12,"['Apple', 'Avocado', 'Banana', 'Grape', 'Mango', 'Melon', 'Orange', 'Peach', 'Pear', 'Tomato', 'train', 'validation']","{'Apple': 0.8113207547169812, 'Avocado': 0.882685069008783, 'Banana': 0.6545632973503435, 'Grape': 0.6413449564134496, 'Mango': 0.6890756302521008, 'Melon': 0.5130434782608696, 'Orange': 0.6758280479210712, 'Peach': 0.9411764705882353, 'Pear': 0.84, 'Tomato': 0.7902621722846442, 'train': 0.0, 'validation': 0.0}","{'Apple': 0.6456456456456456, 'Avocado': 0.9095022624434389, 'Banana': 0.7353914002205072, 'Grape': 0.6577266922094508, 'Mango': 0.4685714285714286, 'Melon': 0.33146067415730335, 'Orange': 0.8245915735167669, 'Peach': 0.735632183908046, 'Pear': 0.26582278481012656, 'Tomato': 0.8328947368421052, 'train': 0.0, 'validation': 0.0}","{'Apple': 0.7190635451505016, 'Avocado': 0.8958930276981852, 'Banana': 0.6926272066458983, 'Grape': 0.6494325346784363, 'Mango': 0.5578231292517006, 'Melon': 0.40273037542662116, 'Orange': 0.7428350116189001, 'Peach': 0.8258064516129032, 'Pear': 0.40384615384615385, 'Tomato': 0.8110185778347213, 'train': 0.0, 'validation': 0.0}","{'Apple': 333, 'Avocado': 1547, 'Banana': 907, 'Grape': 783, 'Mango': 175, 'Melon': 178, 'Orange': 1163, 'Peach': 87, 'Pear': 79, 'Tomato': 760, 'train': 0, 'validation': 489}","[[215, 13, 32, 14, 1, 6, 27, 0, 0, 22, 3, 0], [2, 1407, 22, 65, 0, 2, 34, 0, 0, 13, 2, 0], [8, 22, 667, 47, 8, 9, 96, 1, 1, 28, 20, 0], [9, 81, 43, 515, 6, 7, 88, 0, 2, 10, 22, 0], [0, 11, 23, 12, 82, 3, 28, 0, 0, 10, 6, 0], [4, 9, 44, 10, 0, 59, 22, 0, 1, 16, 13, 0], [7, 17, 47, 42, 11, 17, 959, 3, 0, 46, 14, 0], [1, 0, 5, 0, 0, 0, 12, 64, 0, 4, 1, 0], [2, 0, 31, 7, 1, 2, 9, 0, 21, 2, 4, 0], [5, 20, 17, 18, 6, 5, 44, 0, 0, 633, 12, 0], [0, 0, 0, 0, 0, 0, 0, 0, 0, 0, 0, 0], [12, 14, 88, 73, 4, 5, 100, 0, 0, 17, 176, 0]]"
LightGBM,300,0.03,31,10,0.7360406091370558,0.651837975566369,0.5626829299062002,0.5876122311333253,4.2241742000041995,0.03213088755777922,6501,12,"['Apple', 'Avocado', 'Banana', 'Grape', 'Mango', 'Melon', 'Orange', 'Peach', 'Pear', 'Tomato', 'train', 'validation']","{'Apple': 0.8248175182481752, 'Avocado': 0.8969849246231156, 'Banana': 0.685404339250493, 'Grape': 0.660996354799514, 'Mango': 0.7310924369747899, 'Melon': 0.559322033898305, 'Orange': 0.7215743440233237, 'Peach': 0.9722222222222222, 'Pear': 0.96, 'Tomato': 0.8096415327564895, 'train': 0.0, 'validation': 0.0}","{'Apple': 0.6786786786786787, 'Avocado': 0.9230769230769231, 'Banana': 0.7662624035281147, 'Grape': 0.6947637292464879, 'Mango': 0.49714285714285716, 'Melon': 0.3707865168539326, 'Orange': 0.8512467755803955, 'Peach': 0.8045977011494253, 'Pear': 0.3037974683544304, 'Tomato': 0.8618421052631579, 'train': 0.0, 'validation': 0.0}","{'Apple': 0.7446457990115322, 'Avocado': 0.9098438993309972, 'Banana': 0.7235814679854242, 'Grape': 0.6774595267745953, 'Mango': 0.5918367346938775, 'Melon': 0.44594594594594594, 'Orange': 0.7810650887573964, 'Peach': 0.8805031446540881, 'Pear': 0.46153846153846156, 'Tomato': 0.8349267049075845, 'train': 0.0, 'validation': 0.0}","{'Apple': 333, 'Avocado': 1547, 'Banana': 907, 'Grape': 783, 'Mango': 175, 'Melon': 178, 'Orange': 1163, 'Peach': 87, 'Pear': 79, 'Tomato': 760, 'train': 0, 'validation': 489}","[[226, 11, 30, 15, 1, 2, 24, 0, 0, 19, 5, 0], [0, 1428, 18, 58, 0, 3, 24, 0, 0, 15, 1, 0], [5, 21, 695, 47, 8, 8, 79, 2, 0, 21, 21, 0], [9, 64, 44, 544, 8, 4, 71, 0, 0, 13, 26, 0], [0, 12, 19, 12, 87, 5, 21, 0, 0, 14, 5, 0], [3, 10, 40, 10, 0, 66, 21, 0, 0, 16, 12, 0], [10, 17, 36, 35, 7, 19, 990, 0, 0, 35, 14, 0], [1, 0, 4, 0, 0, 0, 6, 70, 0, 4, 2, 0], [3, 1, 29, 6, 1, 1, 8, 0, 24, 1, 5, 0], [6, 15, 15, 19, 4, 5, 37, 0, 0, 655, 4, 0], [0, 0, 0, 0, 0, 0, 0, 0, 0, 0, 0, 0], [11, 13, 84, 77, 3, 5, 91, 0, 1, 16, 188, 0]]"
LightGBM,300,0.03,31,-1,0.7349638517151208,0.6486679281664784,0.5614907295163798,0.5856910274319623,4.863093099993421,0.026756345177911093,6501,12,"['Apple', 'Avocado', 'Banana', 'Grape', 'Mango', 'Melon', 'Orange', 'Peach', 'Pear', 'Tomato', 'train', 'validation']","{'Apple': 0.8188405797101449, 'Avocado': 0.8981772470144563, 'Banana': 0.6900296150049359, 'Grape': 0.6646341463414634, 'Mango': 0.7226890756302521, 'Melon': 0.5546218487394958, 'Orange': 0.7175182481751825, 'Peach': 0.9863013698630136, 'Pear': 0.9166666666666666, 'Tomato': 0.8145363408521303, 'train': 0.0, 'validation': 0.0}","{'Apple': 0.6786786786786787, 'Avocado': 0.9237233354880414, 'Banana': 0.7706725468577729, 'Grape': 0.6960408684546615, 'Mango': 0.49142857142857144, 'Melon': 0.3707865168539326, 'Orange': 0.8452278589853827, 'Peach': 0.8275862068965517, 'Pear': 0.27848101265822783, 'Tomato': 0.8552631578947368, 'train': 0.0, 'validation': 0.0}","{'Apple': 0.7422003284072249, 'Avocado': 0.9107711918419376, 'Banana': 0.728125, 'Grape': 0.6799750467872738, 'Mango': 0.5850340136054422, 'Melon': 0.4444444444444444, 'Orange': 0.7761547572048954, 'Peach': 0.9, 'Pear': 0.42718446601941745, 'Tomato': 0.834403080872914, 'train': 0.0, 'validation': 0.0}","{'Apple': 333, 'Avocado': 1547, 'Banana': 907, 'Grape': 783, 'Mango': 175, 'Melon': 178, 'Orange': 1163, 'Peach': 87, 'Pear': 79, 'Tomato': 760, 'train': 0, 'validation': 489}","[[226, 9, 30, 13, 1, 4, 25, 0, 0, 20, 5, 0], [0, 1429, 19, 58, 0, 2, 25, 0, 0, 13, 1, 0], [5, 21, 699, 46, 7, 7, 80, 1, 0, 20, 21, 0], [8, 66, 41, 545, 7, 4, 73, 0, 0, 12, 27, 0], [0, 12, 20, 13, 86, 3, 22, 0, 0, 14, 5, 0], [1, 10, 41, 11, 0, 66, 22, 0, 0, 14, 13, 0], [10, 16, 37, 36, 9, 19, 983, 0, 0, 37, 16, 0], [1, 0, 2, 0, 0, 0, 6, 72, 0, 4, 2, 0], [2, 1, 31, 5, 1, 3, 6, 0, 22, 1, 7, 0], [11, 14, 14, 18, 5, 5, 41, 0, 0, 650, 2, 0], [0, 0, 0, 0, 0, 0, 0, 0, 0, 0, 0, 0], [12, 13, 79, 75, 3, 6, 87, 0, 2, 13, 199, 0]]"
LightGBM,300,0.03,63,5,0.7103522534994616,0.6147112971769065,0.533862994825079,0.5568828004854388,3.9745573999825865,0.032606891247818764,6501,12,"['Apple', 'Avocado', 'Banana', 'Grape', 'Mango', 'Melon', 'Orange', 'Peach', 'Pear', 'Tomato', 'train', 'validation']","{'Apple': 0.803030303030303, 'Avocado': 0.8819836785938481, 'Banana': 0.6590909090909091, 'Grape': 0.64214463840399, 'Mango': 0.6949152542372882, 'Melon': 0.4957983193277311, 'Orange': 0.6762843068261788, 'Peach': 0.9295774647887324, 'Pear': 0.8, 'Tomato': 0.7937106918238994, 'train': 0.0, 'validation': 0.0}","{'Apple': 0.6366366366366366, 'Avocado': 0.9082094376212023, 'Banana': 0.7353914002205072, 'Grape': 0.6577266922094508, 'Mango': 0.4685714285714286, 'Melon': 0.33146067415730335, 'Orange': 0.826311263972485, 'Peach': 0.7586206896551724, 'Pear': 0.25316455696202533, 'Tomato': 0.8302631578947368, 'train': 0.0, 'validation': 0.0}","{'Apple': 0.7102177554438861, 'Avocado': 0.8949044585987261, 'Banana': 0.6951537258989057, 'Grape': 0.6498422712933754, 'Mango': 0.5597269624573379, 'Melon': 0.39730639730639733, 'Orange': 0.7438080495356038, 'Peach': 0.8354430379746836, 'Pear': 0.38461538461538464, 'Tomato': 0.8115755627009646, 'train': 0.0, 'validation': 0.0}","{'Apple': 333, 'Avocado': 1547, 'Banana': 907, 'Grape': 783, 'Mango': 175, 'Melon': 178, 'Orange': 1163, 'Peach': 87, 'Pear': 79, 'Tomato': 760, 'train': 0, 'validation': 489}","[[212, 13, 33, 16, 2, 5, 30, 0, 0, 19, 3, 0], [2, 1405, 24, 63, 0, 2, 35, 0, 0, 14, 2, 0], [7, 21, 667, 47, 8, 13, 95, 1, 1, 27, 20, 0], [10, 77, 42, 515, 5, 6, 86, 0, 2, 13, 27, 0], [0, 13, 22, 12, 82, 4, 30, 0, 0, 9, 3, 0], [4, 8, 44, 11, 0, 59, 20, 0, 1, 17, 14, 0], [8, 20, 45, 43, 9, 18, 961, 4, 0, 43, 12, 0], [0, 0, 3, 0, 0, 0, 13, 66, 0, 3, 2, 0], [3, 1, 31, 5, 1, 2, 9, 0, 20, 2, 5, 0], [6, 21, 16, 20, 6, 5, 43, 0, 0, 631, 12, 0], [0, 0, 0, 0, 0, 0, 0, 0, 0, 0, 0, 0], [12, 14, 85, 70, 5, 5, 99, 0, 1, 17, 181, 0]]"
LightGBM,300,0.03,63,10,0.7528072604214736,0.664596632927584,0.5808718818486878,0.6054919696215195,7.156535100017209,0.04090375326851197,6501,12,"['Apple', 'Avocado', 'Banana', 'Grape', 'Mango', 'Melon', 'Orange', 'Peach', 'Pear', 'Tomato', 'train', 'validation']","{'Apple': 0.84375, 'Avocado': 0.9147727272727273, 'Banana': 0.7268145161290323, 'Grape': 0.6790123456790124, 'Mango': 0.784, 'Melon': 0.5348837209302325, 'Orange': 0.74943904263276, 'Peach': 1.0, 'Pear': 0.9230769230769231, 'Tomato': 0.8194103194103194, 'train': 0.0, 'validation': 0.0}","{'Apple': 0.7297297297297297, 'Avocado': 0.9366515837104072, 'Banana': 0.794928335170893, 'Grape': 0.70242656449553, 'Mango': 0.56, 'Melon': 0.38764044943820225, 'Orange': 0.8615649183147034, 'Peach': 0.8160919540229885, 'Pear': 0.3037974683544304, 'Tomato': 0.8776315789473684, 'train': 0.0, 'validation': 0.0}","{'Apple': 0.782608695652174, 'Avocado': 0.9255828808687321, 'Banana': 0.7593470247498684, 'Grape': 0.6905210295040803, 'Mango': 0.6533333333333333, 'Melon': 0.4495114006514658, 'Orange': 0.8016, 'Peach': 0.8987341772151899, 'Pear': 0.45714285714285713, 'Tomato': 0.8475222363405337, 'train': 0.0, 'validation': 0.0}","{'Apple': 333, 'Avocado': 1547, 'Banana': 907, 'Grape': 783, 'Mango': 175, 'Melon': 178, 'Orange': 1163, 'Peach': 87, 'Pear': 79, 'Tomato': 760, 'train': 0, 'validation': 489}","[[243, 5, 20, 14, 0, 3, 27, 0, 0, 16, 5, 0], [0, 1449, 12, 44, 0, 2, 16, 0, 0, 19, 5, 0], [3, 15, 721, 47, 7, 13, 57, 0, 0, 19, 25, 0], [8, 61, 41, 550, 4, 5, 65, 0, 1, 15, 33, 0], [1, 10, 17, 8, 98, 6, 16, 0, 0, 13, 6, 0], [1, 7, 38, 9, 2, 69, 30, 0, 0, 11, 11, 0], [10, 11, 29, 37, 8, 14, 1002, 0, 0, 38, 14, 0], [2, 0, 5, 0, 0, 0, 5, 71, 0, 2, 2, 0], [1, 1, 29, 5, 1, 4, 9, 0, 24, 0, 5, 0], [8, 11, 10, 20, 2, 5, 35, 0, 0, 667, 2, 0], [0, 0, 0, 0, 0, 0, 0, 0, 0, 0, 0, 0], [11, 14, 70, 76, 3, 8, 75, 0, 1, 14, 217, 0]]"
LightGBM,300,0.03,63,-1,0.7551145977541917,0.6675168213823657,0.5810785366605159,0.6061176613973108,8.310649299994111,0.05597254268573206,6501,12,"['Apple', 'Avocado', 'Banana', 'Grape', 'Mango', 'Melon', 'Orange', 'Peach', 'Pear', 'Tomato', 'train', 'validation']","{'Apple': 0.8540925266903915, 'Avocado': 0.9166140240050537, 'Banana': 0.7195242814667988, 'Grape': 0.683046683046683, 'Mango': 0.8, 'Melon': 0.5833333333333334, 'Orange': 0.7561890472618155, 'Peach': 1.0, 'Pear': 0.88, 'Tomato': 0.8174019607843137, 'train': 0.0, 'validation': 0.0}","{'Apple': 0.7207207207207207, 'Avocado': 0.9379444085326438, 'Banana': 0.8004410143329658, 'Grape': 0.7100893997445722, 'Mango': 0.5485714285714286, 'Melon': 0.39325842696629215, 'Orange': 0.8667239896818573, 'Peach': 0.8390804597701149, 'Pear': 0.27848101265822783, 'Tomato': 0.8776315789473684, 'train': 0.0, 'validation': 0.0}","{'Apple': 0.7817589576547231, 'Avocado': 0.9271565495207668, 'Banana': 0.7578288100208769, 'Grape': 0.6963055729492799, 'Mango': 0.6508474576271186, 'Melon': 0.4697986577181208, 'Orange': 0.8076923076923077, 'Peach': 0.9125, 'Pear': 0.4230769230769231, 'Tomato': 0.8464467005076142, 'train': 0.0, 'validation': 0.0}","{'Apple': 333, 'Avocado': 1547, 'Banana': 907, 'Grape': 783, 'Mango': 175, 'Melon': 178, 'Orange': 1163, 'Peach': 87, 'Pear': 79, 'Tomato': 760, 'train': 0, 'validation': 489}","[[240, 4, 24, 14, 1, 2, 24, 0, 0, 18, 6, 0], [0, 1451, 13, 46, 0, 3, 15, 0, 0, 17, 2, 0], [2, 15, 726, 45, 7, 11, 57, 0, 1, 21, 22, 0], [7, 59, 40, 556, 3, 6, 66, 0, 1, 13, 32, 0], [0, 11, 20, 10, 96, 3, 19, 0, 0, 11, 5, 0], [1, 6, 38, 10, 3, 70, 26, 0, 0, 12, 12, 0], [12, 11, 29, 33, 3, 14, 1008, 0, 0, 40, 13, 0], [1, 0, 5, 0, 0, 0, 5, 73, 0, 2, 1, 0], [1, 1, 29, 6, 1, 3, 9, 0, 22, 2, 5, 0], [8, 11, 9, 22, 2, 6, 33, 0, 0, 667, 2, 0], [0, 0, 0, 0, 0, 0, 0, 0, 0, 0, 0, 0], [9, 14, 76, 72, 4, 2, 71, 0, 1, 13, 227, 0]]"
LightGBM,300,0.05,15,5,0.7177357329641594,0.6121819628937247,0.5465270039179712,0.5664134762097638,3.5823066999728326,0.023041532074863834,6501,12,"['Apple', 'Avocado', 'Banana', 'Grape', 'Mango', 'Melon', 'Orange', 'Peach', 'Pear', 'Tomato', 'train', 'validation']","{'Apple': 0.7877697841726619, 'Avocado': 0.8897984886649875, 'Banana': 0.6733870967741935, 'Grape': 0.6474908200734394, 'Mango': 0.7073170731707317, 'Melon': 0.46923076923076923, 'Orange': 0.6906474820143885, 'Peach': 0.958904109589041, 'Pear': 0.7241379310344828, 'Tomato': 0.7975, 'train': 0.0, 'validation': 0.0}","{'Apple': 0.6576576576576577, 'Avocado': 0.9133807369101486, 'Banana': 0.7364939360529217, 'Grape': 0.6756066411238825, 'Mango': 0.49714285714285716, 'Melon': 0.34269662921348315, 'Orange': 0.825451418744626, 'Peach': 0.8045977011494253, 'Pear': 0.26582278481012656, 'Tomato': 0.8394736842105263, 'train': 0.0, 'validation': 0.0}","{'Apple': 0.7168576104746317, 'Avocado': 0.9014354066985646, 'Banana': 0.7035281727224855, 'Grape': 0.66125, 'Mango': 0.5838926174496645, 'Melon': 0.3961038961038961, 'Orange': 0.7520564042303173, 'Peach': 0.875, 'Pear': 0.3888888888888889, 'Tomato': 0.8179487179487179, 'train': 0.0, 'validation': 0.0}","{'Apple': 333, 'Avocado': 1547, 'Banana': 907, 'Grape': 783, 'Mango': 175, 'Melon': 178, 'Orange': 1163, 'Peach': 87, 'Pear': 79, 'Tomato': 760, 'train': 0, 'validation': 489}","[[219, 10, 28, 14, 3, 7, 30, 0, 0, 20, 2, 0], [2, 1413, 19, 63, 0, 3, 28, 0, 0, 17, 2, 0], [10, 23, 668, 42, 7, 14, 98, 0, 2, 22, 21, 0], [13, 71, 38, 529, 5, 7, 77, 0, 3, 14, 26, 0], [1, 10, 22, 11, 87, 4, 22, 0, 0, 11, 7, 0], [3, 9, 41, 11, 1, 61, 25, 0, 1, 12, 14, 0], [10, 19, 39, 47, 7, 19, 960, 3, 0, 47, 12, 0], [1, 0, 4, 0, 0, 0, 7, 70, 0, 4, 1, 0], [2, 1, 32, 5, 1, 2, 8, 0, 21, 3, 4, 0], [5, 17, 18, 19, 7, 7, 39, 0, 0, 638, 10, 0], [0, 0, 0, 0, 0, 0, 0, 0, 0, 0, 0, 0], [12, 15, 83, 76, 5, 6, 96, 0, 2, 12, 182, 0]]"
LightGBM,300,0.05,15,10,0.7225042301184433,0.6246057448533591,0.5540876043788786,0.5750646068876958,3.5830367999733426,0.026626980464644484,6501,12,"['Apple', 'Avocado', 'Banana', 'Grape', 'Mango', 'Melon', 'Orange', 'Peach', 'Pear', 'Tomato', 'train', 'validation']","{'Apple': 0.7721088435374149, 'Avocado': 0.8890290037831021, 'Banana': 0.6855409504550051, 'Grape': 0.6508515815085159, 'Mango': 0.7297297297297297, 'Melon': 0.512, 'Orange': 0.6896797153024911, 'Peach': 0.96, 'Pear': 0.8, 'Tomato': 0.8063291139240506, 'train': 0.0, 'validation': 0.0}","{'Apple': 0.6816816816816816, 'Avocado': 0.9114414996767938, 'Banana': 0.7475192943770672, 'Grape': 0.6832694763729247, 'Mango': 0.46285714285714286, 'Melon': 0.3595505617977528, 'Orange': 0.8331900257953568, 'Peach': 0.8275862068965517, 'Pear': 0.3037974683544304, 'Tomato': 0.8381578947368421, 'train': 0.0, 'validation': 0.0}","{'Apple': 0.7240829346092504, 'Avocado': 0.9000957548675391, 'Banana': 0.7151898734177216, 'Grape': 0.6666666666666666, 'Mango': 0.5664335664335665, 'Melon': 0.42244224422442245, 'Orange': 0.7546728971962616, 'Peach': 0.8888888888888888, 'Pear': 0.44036697247706424, 'Tomato': 0.8219354838709677, 'train': 0.0, 'validation': 0.0}","{'Apple': 333, 'Avocado': 1547, 'Banana': 907, 'Grape': 783, 'Mango': 175, 'Melon': 178, 'Orange': 1163, 'Peach': 87, 'Pear': 79, 'Tomato': 760, 'train': 0, 'validation': 489}","[[227, 10, 24, 13, 2, 4, 28, 0, 0, 22, 3, 0], [4, 1410, 22, 65, 0, 2, 27, 0, 0, 16, 1, 0], [9, 24, 678, 45, 5, 13, 93, 0, 1, 20, 19, 0], [14, 67, 37, 535, 5, 7, 81, 0, 1, 14, 22, 0], [1, 11, 18, 11, 81, 5, 29, 0, 0, 14, 5, 0], [3, 12, 41, 12, 0, 64, 22, 0, 1, 9, 14, 0], [12, 19, 40, 44, 7, 16, 969, 3, 0, 41, 12, 0], [1, 0, 3, 0, 0, 0, 7, 72, 0, 4, 0, 0], [3, 1, 28, 5, 1, 3, 9, 0, 24, 1, 4, 0], [6, 18, 18, 20, 5, 6, 42, 0, 0, 637, 8, 0], [0, 0, 0, 0, 0, 0, 0, 0, 0, 0, 0, 0], [14, 14, 80, 72, 5, 5, 98, 0, 3, 12, 186, 0]]"
LightGBM,300,0.05,15,-1,0.7221965851407476,0.6312351993773858,0.5582616866559074,0.5805885163549982,4.02109819999896,0.028231687434582098,6501,12,"['Apple', 'Avocado', 'Banana', 'Grape', 'Mango', 'Melon', 'Orange', 'Peach', 'Pear', 'Tomato', 'train', 'validation']","{'Apple': 0.7877697841726619, 'Avocado': 0.8872085696282294, 'Banana': 0.6790744466800804, 'Grape': 0.6452004860267315, 'Mango': 0.7563025210084033, 'Melon': 0.5267175572519084, 'Orange': 0.6952449567723343, 'Peach': 0.9594594594594594, 'Pear': 0.8333333333333334, 'Tomato': 0.8045112781954887, 'train': 0.0, 'validation': 0.0}","{'Apple': 0.6576576576576577, 'Avocado': 0.9101486748545572, 'Banana': 0.7442116868798236, 'Grape': 0.6781609195402298, 'Mango': 0.5142857142857142, 'Melon': 0.38764044943820225, 'Orange': 0.8297506448839209, 'Peach': 0.8160919540229885, 'Pear': 0.31645569620253167, 'Tomato': 0.8447368421052631, 'train': 0.0, 'validation': 0.0}","{'Apple': 0.7168576104746317, 'Avocado': 0.8985322271857051, 'Banana': 0.7101525512887954, 'Grape': 0.6612702366127023, 'Mango': 0.6122448979591837, 'Melon': 0.44660194174757284, 'Orange': 0.7565660525284202, 'Peach': 0.8819875776397516, 'Pear': 0.45871559633027525, 'Tomato': 0.8241335044929397, 'train': 0.0, 'validation': 0.0}","{'Apple': 333, 'Avocado': 1547, 'Banana': 907, 'Grape': 783, 'Mango': 175, 'Melon': 178, 'Orange': 1163, 'Peach': 87, 'Pear': 79, 'Tomato': 760, 'train': 0, 'validation': 489}","[[219, 10, 27, 15, 1, 5, 28, 0, 0, 25, 3, 0], [3, 1408, 24, 65, 0, 3, 29, 0, 0, 15, 0, 0], [7, 25, 675, 46, 3, 14, 91, 0, 0, 22, 24, 0], [12, 68, 40, 531, 6, 5, 81, 0, 2, 13, 25, 0], [0, 11, 19, 10, 90, 3, 25, 0, 0, 12, 5, 0], [3, 11, 40, 12, 1, 69, 19, 0, 1, 9, 13, 0], [12, 21, 41, 43, 6, 18, 965, 3, 0, 39, 15, 0], [1, 0, 2, 0, 0, 0, 7, 71, 0, 5, 1, 0], [3, 1, 30, 5, 1, 2, 6, 0, 25, 1, 5, 0], [6, 19, 16, 19, 5, 7, 40, 0, 0, 642, 6, 0], [0, 0, 0, 0, 0, 0, 0, 0, 0, 0, 0, 0], [12, 13, 80, 77, 6, 5, 97, 0, 2, 15, 182, 0]]"
LightGBM,300,0.05,31,5,0.728810952161206,0.624955531219837,0.5579763499805225,0.5790632926983859,4.610052800009726,0.030381756654645865,6501,12,"['Apple', 'Avocado', 'Banana', 'Grape', 'Mango', 'Melon', 'Orange', 'Peach', 'Pear', 'Tomato', 'train', 'validation']","{'Apple': 0.8364312267657993, 'Avocado': 0.8961611076148521, 'Banana': 0.6888888888888889, 'Grape': 0.6658354114713217, 'Mango': 0.7196969696969697, 'Melon': 0.5038759689922481, 'Orange': 0.711287988422576, 'Peach': 0.9452054794520548, 'Pear': 0.7333333333333333, 'Tomato': 0.79875, 'train': 0.0, 'validation': 0.0}","{'Apple': 0.6756756756756757, 'Avocado': 0.9204912734324499, 'Banana': 0.7519294377067255, 'Grape': 0.6819923371647509, 'Mango': 0.5428571428571428, 'Melon': 0.3651685393258427, 'Orange': 0.8452278589853827, 'Peach': 0.7931034482758621, 'Pear': 0.27848101265822783, 'Tomato': 0.8407894736842105, 'train': 0.0, 'validation': 0.0}","{'Apple': 0.7475083056478405, 'Avocado': 0.9081632653061225, 'Banana': 0.7190300474433315, 'Grape': 0.6738170347003155, 'Mango': 0.6188925081433225, 'Melon': 0.4234527687296417, 'Orange': 0.7724950884086444, 'Peach': 0.8625, 'Pear': 0.4036697247706422, 'Tomato': 0.8192307692307692, 'train': 0.0, 'validation': 0.0}","{'Apple': 333, 'Avocado': 1547, 'Banana': 907, 'Grape': 783, 'Mango': 175, 'Melon': 178, 'Orange': 1163, 'Peach': 87, 'Pear': 79, 'Tomato': 760, 'train': 0, 'validation': 489}","[[225, 7, 26, 13, 2, 7, 26, 0, 0, 24, 3, 0], [0, 1424, 21, 60, 0, 5, 21, 0, 0, 16, 0, 0], [5, 21, 682, 42, 8, 13, 85, 1, 1, 23, 26, 0], [9, 67, 42, 534, 5, 6, 74, 0, 1, 14, 31, 0], [0, 9, 17, 11, 95, 3, 22, 0, 1, 10, 7, 0], [2, 10, 38, 8, 0, 65, 25, 0, 1, 15, 14, 0], [8, 16, 33, 38, 11, 16, 983, 2, 2, 39, 15, 0], [1, 0, 6, 0, 0, 0, 8, 69, 0, 2, 1, 0], [2, 1, 28, 7, 1, 2, 9, 0, 22, 3, 4, 0], [9, 18, 13, 22, 5, 6, 41, 0, 0, 639, 7, 0], [0, 0, 0, 0, 0, 0, 0, 0, 0, 0, 0, 0], [8, 16, 84, 67, 5, 6, 88, 1, 2, 15, 197, 0]]"
LightGBM,300,0.05,31,10,0.7498846331333641,0.6560328406784223,0.5760082037459989,0.6001030977937057,5.30828460000339,0.030701968928065836,6501,12,"['Apple', 'Avocado', 'Banana', 'Grape', 'Mango', 'Melon', 'Orange', 'Peach', 'Pear', 'Tomato', 'train', 'validation']","{'Apple': 0.8274647887323944, 'Avocado': 0.9126335637963545, 'Banana': 0.7337461300309598, 'Grape': 0.6811414392059554, 'Mango': 0.753968253968254, 'Melon': 0.5573770491803278, 'Orange': 0.742245199409158, 'Peach': 1.0, 'Pear': 0.8518518518518519, 'Tomato': 0.811965811965812, 'train': 0.0, 'validation': 0.0}","{'Apple': 0.7057057057057057, 'Avocado': 0.9385908209437621, 'Banana': 0.7839029768467475, 'Grape': 0.7011494252873564, 'Mango': 0.5428571428571428, 'Melon': 0.38202247191011235, 'Orange': 0.8641444539982803, 'Peach': 0.8275862068965517, 'Pear': 0.2911392405063291, 'Tomato': 0.875, 'train': 0.0, 'validation': 0.0}","{'Apple': 0.7617504051863857, 'Avocado': 0.9254302103250478, 'Banana': 0.7579957356076759, 'Grape': 0.6910006293266205, 'Mango': 0.6312292358803987, 'Melon': 0.4533333333333333, 'Orange': 0.798569725864124, 'Peach': 0.9056603773584906, 'Pear': 0.4339622641509434, 'Tomato': 0.8423052564914503, 'train': 0.0, 'validation': 0.0}","{'Apple': 333, 'Avocado': 1547, 'Banana': 907, 'Grape': 783, 'Mango': 175, 'Melon': 178, 'Orange': 1163, 'Peach': 87, 'Pear': 79, 'Tomato': 760, 'train': 0, 'validation': 489}","[[235, 5, 24, 13, 1, 5, 27, 0, 0, 20, 3, 0], [0, 1452, 12, 48, 0, 1, 17, 0, 0, 15, 2, 0], [6, 19, 711, 40, 6, 8, 62, 0, 0, 25, 30, 0], [10, 58, 38, 549, 5, 5, 64, 0, 1, 16, 37, 0], [1, 12, 12, 11, 95, 4, 18, 0, 0, 11, 11, 0], [1, 8, 35, 9, 0, 68, 31, 0, 0, 14, 12, 0], [9, 11, 29, 33, 9, 16, 1005, 0, 1, 35, 15, 0], [1, 0, 3, 0, 0, 0, 6, 72, 0, 3, 2, 0], [2, 1, 28, 6, 1, 2, 9, 0, 23, 1, 6, 0], [9, 11, 10, 17, 4, 6, 34, 0, 0, 665, 4, 0], [0, 0, 0, 0, 0, 0, 0, 0, 0, 0, 0, 0], [10, 14, 67, 80, 5, 7, 81, 0, 2, 14, 209, 0]]"
LightGBM,300,0.05,31,-1,0.748807875711429,0.6520218427501631,0.5766786958233466,0.5994013098383609,4.786913600022672,0.03683791724571589,6501,12,"['Apple', 'Avocado', 'Banana', 'Grape', 'Mango', 'Melon', 'Orange', 'Peach', 'Pear', 'Tomato', 'train', 'validation']","{'Apple': 0.8153310104529616, 'Avocado': 0.9117276166456494, 'Banana': 0.7173038229376257, 'Grape': 0.6748466257668712, 'Mango': 0.7307692307692307, 'Melon': 0.5897435897435898, 'Orange': 0.7468354430379747, 'Peach': 1.0, 'Pear': 0.8214285714285714, 'Tomato': 0.8162762022194822, 'train': 0.0, 'validation': 0.0}","{'Apple': 0.7027027027027027, 'Avocado': 0.9347123464770524, 'Banana': 0.7861080485115767, 'Grape': 0.70242656449553, 'Mango': 0.5428571428571428, 'Melon': 0.38764044943820225, 'Orange': 0.8624247635425624, 'Peach': 0.8390804597701149, 'Pear': 0.2911392405063291, 'Tomato': 0.8710526315789474, 'train': 0.0, 'validation': 0.0}","{'Apple': 0.7548387096774194, 'Avocado': 0.9230769230769231, 'Banana': 0.7501315097317202, 'Grape': 0.688360450563204, 'Mango': 0.6229508196721312, 'Melon': 0.46779661016949153, 'Orange': 0.8004788507581804, 'Peach': 0.9125, 'Pear': 0.42990654205607476, 'Tomato': 0.8427753023551878, 'train': 0.0, 'validation': 0.0}","{'Apple': 333, 'Avocado': 1547, 'Banana': 907, 'Grape': 783, 'Mango': 175, 'Melon': 178, 'Orange': 1163, 'Peach': 87, 'Pear': 79, 'Tomato': 760, 'train': 0, 'validation': 489}","[[234, 7, 29, 11, 1, 1, 26, 0, 0, 18, 6, 0], [0, 1446, 11, 52, 0, 2, 20, 0, 0, 14, 2, 0], [7, 19, 713, 47, 8, 10, 58, 0, 0, 21, 24, 0], [8, 57, 42, 550, 7, 6, 63, 0, 1, 18, 31, 0], [0, 12, 20, 10, 95, 2, 17, 0, 1, 11, 7, 0], [3, 7, 33, 10, 1, 69, 28, 0, 0, 13, 14, 0], [9, 12, 32, 34, 7, 16, 1003, 0, 1, 34, 15, 0], [1, 0, 5, 0, 0, 0, 5, 73, 0, 2, 1, 0], [2, 1, 30, 5, 1, 1, 8, 0, 23, 2, 6, 0], [9, 12, 11, 19, 4, 5, 36, 0, 0, 662, 2, 0], [0, 0, 0, 0, 0, 0, 0, 0, 0, 0, 0, 0], [14, 13, 68, 77, 6, 5, 79, 0, 2, 16, 209, 0]]"
LightGBM,300,0.05,63,5,0.7325026918935549,0.6308648180708396,0.5613616445081124,0.5829911132145923,3.9677961000124924,0.027988355635553474,6501,12,"['Apple', 'Avocado', 'Banana', 'Grape', 'Mango', 'Melon', 'Orange', 'Peach', 'Pear', 'Tomato', 'train', 'validation']","{'Apple': 0.825925925925926, 'Avocado': 0.8946047678795483, 'Banana': 0.6936299292214358, 'Grape': 0.6650246305418719, 'Mango': 0.7286821705426356, 'Melon': 0.5241935483870968, 'Orange': 0.7159420289855073, 'Peach': 0.9459459459459459, 'Pear': 0.7666666666666667, 'Tomato': 0.8097622027534418, 'train': 0.0, 'validation': 0.0}","{'Apple': 0.6696696696696697, 'Avocado': 0.9217840982546864, 'Banana': 0.7563395810363837, 'Grape': 0.6896551724137931, 'Mango': 0.5371428571428571, 'Melon': 0.3651685393258427, 'Orange': 0.8495270851246776, 'Peach': 0.8045977011494253, 'Pear': 0.2911392405063291, 'Tomato': 0.8513157894736842, 'train': 0.0, 'validation': 0.0}","{'Apple': 0.7396351575456053, 'Avocado': 0.9079910856415154, 'Banana': 0.7236286919831224, 'Grape': 0.677115987460815, 'Mango': 0.618421052631579, 'Melon': 0.4304635761589404, 'Orange': 0.7770349980338184, 'Peach': 0.8695652173913043, 'Pear': 0.42201834862385323, 'Tomato': 0.8300192431045542, 'train': 0.0, 'validation': 0.0}","{'Apple': 333, 'Avocado': 1547, 'Banana': 907, 'Grape': 783, 'Mango': 175, 'Melon': 178, 'Orange': 1163, 'Peach': 87, 'Pear': 79, 'Tomato': 760, 'train': 0, 'validation': 489}","[[223, 12, 27, 13, 2, 7, 25, 0, 0, 21, 3, 0], [0, 1426, 21, 58, 0, 3, 23, 0, 0, 15, 1, 0], [2, 22, 686, 46, 8, 13, 86, 1, 1, 19, 23, 0], [11, 69, 41, 540, 3, 5, 70, 0, 2, 14, 28, 0], [1, 8, 16, 10, 94, 4, 23, 0, 1, 13, 5, 0], [3, 10, 39, 10, 0, 65, 26, 0, 1, 13, 11, 0], [11, 15, 32, 38, 10, 15, 988, 1, 0, 38, 15, 0], [1, 0, 5, 0, 0, 0, 8, 70, 0, 2, 1, 0], [3, 1, 30, 5, 1, 2, 9, 0, 23, 2, 3, 0], [7, 15, 12, 21, 7, 5, 37, 0, 0, 647, 9, 0], [0, 0, 0, 0, 0, 0, 0, 0, 0, 0, 0, 0], [8, 16, 80, 71, 4, 5, 85, 2, 2, 15, 201, 0]]"
LightGBM,300,0.05,63,10,0.762959544685433,0.6773957264078665,0.5960725089714985,0.6218804306363124,6.856490000005579,0.03711253653546611,6501,12,"['Apple', 'Avocado', 'Banana', 'Grape', 'Mango', 'Melon', 'Orange', 'Peach', 'Pear', 'Tomato', 'train', 'validation']","{'Apple': 0.8391608391608392, 'Avocado': 0.9226869455006337, 'Banana': 0.7298105682951147, 'Grape': 0.6933497536945813, 'Mango': 0.8292682926829268, 'Melon': 0.6124031007751938, 'Orange': 0.7716236722306525, 'Peach': 1.0, 'Pear': 0.9, 'Tomato': 0.8304455445544554, 'train': 0.0, 'validation': 0.0}","{'Apple': 0.7207207207207207, 'Avocado': 0.9411764705882353, 'Banana': 0.8070562293274531, 'Grape': 0.719029374201788, 'Mango': 0.5828571428571429, 'Melon': 0.4438202247191011, 'Orange': 0.8744625967325881, 'Peach': 0.8390804597701149, 'Pear': 0.34177215189873417, 'Tomato': 0.8828947368421053, 'train': 0.0, 'validation': 0.0}","{'Apple': 0.7754442649434572, 'Avocado': 0.93184, 'Banana': 0.7664921465968586, 'Grape': 0.7059561128526646, 'Mango': 0.6845637583892618, 'Melon': 0.5146579804560261, 'Orange': 0.8198307134220073, 'Peach': 0.9125, 'Pear': 0.4954128440366973, 'Tomato': 0.8558673469387755, 'train': 0.0, 'validation': 0.0}","{'Apple': 333, 'Avocado': 1547, 'Banana': 907, 'Grape': 783, 'Mango': 175, 'Melon': 178, 'Orange': 1163, 'Peach': 87, 'Pear': 79, 'Tomato': 760, 'train': 0, 'validation': 489}","[[240, 4, 23, 14, 0, 2, 29, 0, 0, 16, 5, 0], [1, 1456, 11, 46, 0, 3, 13, 0, 0, 15, 2, 0], [3, 17, 732, 41, 7, 10, 49, 0, 0, 21, 27, 0], [7, 56, 43, 563, 5, 6, 56, 0, 1, 15, 31, 0], [1, 9, 20, 11, 102, 3, 12, 0, 0, 10, 7, 0], [1, 5, 33, 10, 1, 79, 27, 0, 0, 9, 13, 0], [9, 10, 25, 34, 3, 14, 1017, 0, 0, 35, 16, 0], [2, 0, 4, 0, 0, 0, 5, 73, 0, 2, 1, 0], [1, 1, 25, 7, 1, 1, 9, 0, 27, 1, 6, 0], [10, 10, 10, 18, 2, 6, 33, 0, 0, 671, 0, 0], [0, 0, 0, 0, 0, 0, 0, 0, 0, 0, 0, 0], [11, 10, 77, 68, 2, 5, 68, 0, 2, 13, 233, 0]]"
LightGBM,300,0.05,63,-1,0.7641901245962159,0.6694846353307322,0.5917657721123842,0.6164103619507314,8.754865599999903,0.03916700507600564,6501,12,"['Apple', 'Avocado', 'Banana', 'Grape', 'Mango', 'Melon', 'Orange', 'Peach', 'Pear', 'Tomato', 'train', 'validation']","{'Apple': 0.8475177304964538, 'Avocado': 0.922882427307206, 'Banana': 0.7311827956989247, 'Grape': 0.7097989949748744, 'Mango': 0.8, 'Melon': 0.5819672131147541, 'Orange': 0.7681818181818182, 'Peach': 1.0, 'Pear': 0.8333333333333334, 'Tomato': 0.8389513108614233, 'train': 0.0, 'validation': 0.0}","{'Apple': 0.7177177177177178, 'Avocado': 0.9437621202327084, 'Banana': 0.824696802646086, 'Grape': 0.7215836526181354, 'Mango': 0.5714285714285714, 'Melon': 0.398876404494382, 'Orange': 0.8718830610490111, 'Peach': 0.8505747126436781, 'Pear': 0.31645569620253167, 'Tomato': 0.8842105263157894, 'train': 0.0, 'validation': 0.0}","{'Apple': 0.7772357723577236, 'Avocado': 0.9332054969638862, 'Banana': 0.7751295336787565, 'Grape': 0.7156428119062698, 'Mango': 0.6666666666666666, 'Melon': 0.47333333333333333, 'Orange': 0.8167539267015707, 'Peach': 0.9192546583850931, 'Pear': 0.45871559633027525, 'Tomato': 0.8609865470852018, 'train': 0.0, 'validation': 0.0}","{'Apple': 333, 'Avocado': 1547, 'Banana': 907, 'Grape': 783, 'Mango': 175, 'Melon': 178, 'Orange': 1163, 'Peach': 87, 'Pear': 79, 'Tomato': 760, 'train': 0, 'validation': 489}","[[239, 4, 20, 14, 2, 2, 30, 0, 0, 17, 5, 0], [0, 1460, 13, 42, 0, 1, 16, 0, 0, 14, 1, 0], [3, 14, 748, 34, 7, 11, 51, 0, 1, 18, 20, 0], [9, 55, 37, 565, 3, 7, 60, 0, 1, 16, 30, 0], [2, 9, 16, 10, 100, 4, 17, 0, 0, 9, 8, 0], [1, 6, 38, 9, 3, 71, 28, 0, 0, 10, 12, 0], [9, 14, 28, 31, 3, 11, 1014, 0, 0, 32, 21, 0], [1, 0, 4, 0, 0, 0, 5, 74, 0, 2, 1, 0], [2, 0, 27, 4, 1, 4, 10, 0, 25, 0, 6, 0], [7, 9, 13, 16, 3, 6, 31, 0, 0, 672, 3, 0], [0, 0, 0, 0, 0, 0, 0, 0, 0, 0, 0, 0], [9, 11, 79, 71, 3, 5, 58, 0, 3, 11, 239, 0]]"
LightGBM,300,0.1,15,5,0.7406552838024919,0.623553909597666,0.5672820777749535,0.5846203084512176,3.6968768000078853,0.026484325490109744,6501,12,"['Apple', 'Avocado', 'Banana', 'Grape', 'Mango', 'Melon', 'Orange', 'Peach', 'Pear', 'Tomato', 'train', 'validation']","{'Apple': 0.8098591549295775, 'Avocado': 0.9088623507228158, 'Banana': 0.7154471544715447, 'Grape': 0.6856060606060606, 'Mango': 0.7045454545454546, 'Melon': 0.5190839694656488, 'Orange': 0.7272727272727273, 'Peach': 0.9358974358974359, 'Pear': 0.6666666666666666, 'Tomato': 0.8094059405940595, 'train': 0.0, 'validation': 0.0}","{'Apple': 0.6906906906906907, 'Avocado': 0.9347123464770524, 'Banana': 0.7761852260198456, 'Grape': 0.6934865900383141, 'Mango': 0.5314285714285715, 'Melon': 0.38202247191011235, 'Orange': 0.8460877042132416, 'Peach': 0.8390804597701149, 'Pear': 0.25316455696202533, 'Tomato': 0.8605263157894737, 'train': 0.0, 'validation': 0.0}","{'Apple': 0.7455429497568882, 'Avocado': 0.9216061185468452, 'Banana': 0.7445795875198308, 'Grape': 0.6895238095238095, 'Mango': 0.6058631921824105, 'Melon': 0.4401294498381877, 'Orange': 0.7821939586645469, 'Peach': 0.8848484848484849, 'Pear': 0.3669724770642202, 'Tomato': 0.8341836734693877, 'train': 0.0, 'validation': 0.0}","{'Apple': 333, 'Avocado': 1547, 'Banana': 907, 'Grape': 783, 'Mango': 175, 'Melon': 178, 'Orange': 1163, 'Peach': 87, 'Pear': 79, 'Tomato': 760, 'train': 0, 'validation': 489}","[[230, 6, 19, 14, 3, 5, 32, 0, 0, 20, 4, 0], [0, 1446, 14, 42, 2, 4, 17, 0, 0, 19, 3, 0], [7, 16, 704, 44, 8, 11, 71, 1, 0, 20, 25, 0], [10, 59, 39, 543, 4, 6, 69, 0, 3, 17, 33, 0], [1, 10, 14, 11, 93, 4, 22, 0, 2, 13, 5, 0], [3, 8, 36, 9, 2, 68, 28, 0, 0, 11, 13, 0], [12, 16, 32, 34, 7, 17, 984, 3, 2, 36, 20, 0], [2, 0, 5, 0, 0, 0, 5, 73, 0, 1, 1, 0], [3, 1, 27, 6, 2, 3, 8, 0, 20, 4, 5, 0], [5, 14, 15, 19, 7, 6, 34, 0, 0, 654, 6, 0], [0, 0, 0, 0, 0, 0, 0, 0, 0, 0, 0, 0], [11, 15, 79, 70, 4, 7, 83, 1, 3, 13, 203, 0]]"
LightGBM,300,0.1,15,10,0.7421935086909707,0.6425723740693713,0.5719263825107465,0.5924629664288003,3.7315601999871433,0.019789201660620967,6501,12,"['Apple', 'Avocado', 'Banana', 'Grape', 'Mango', 'Melon', 'Orange', 'Peach', 'Pear', 'Tomato', 'train', 'validation']","{'Apple': 0.8137931034482758, 'Avocado': 0.9038340666247643, 'Banana': 0.7135575942915392, 'Grape': 0.671990171990172, 'Mango': 0.7950819672131147, 'Melon': 0.5503875968992248, 'Orange': 0.7344674556213018, 'Peach': 0.948051948051948, 'Pear': 0.7692307692307693, 'Tomato': 0.8104738154613467, 'train': 0.0, 'validation': 0.0}","{'Apple': 0.7087087087087087, 'Avocado': 0.929541047188106, 'Banana': 0.7717750826901875, 'Grape': 0.698595146871009, 'Mango': 0.5542857142857143, 'Melon': 0.398876404494382, 'Orange': 0.8538263112639725, 'Peach': 0.8390804597701149, 'Pear': 0.25316455696202533, 'Tomato': 0.8552631578947368, 'train': 0.0, 'validation': 0.0}","{'Apple': 0.7576243980738363, 'Avocado': 0.9165073295092415, 'Banana': 0.7415254237288136, 'Grape': 0.6850344395742016, 'Mango': 0.6531986531986532, 'Melon': 0.46254071661237783, 'Orange': 0.789662027833002, 'Peach': 0.8902439024390244, 'Pear': 0.38095238095238093, 'Tomato': 0.8322663252240717, 'train': 0.0, 'validation': 0.0}","{'Apple': 333, 'Avocado': 1547, 'Banana': 907, 'Grape': 783, 'Mango': 175, 'Melon': 178, 'Orange': 1163, 'Peach': 87, 'Pear': 79, 'Tomato': 760, 'train': 0, 'validation': 489}","[[236, 4, 18, 13, 1, 4, 29, 0, 0, 24, 4, 0], [0, 1438, 15, 52, 0, 5, 17, 0, 0, 19, 1, 0], [3, 20, 700, 45, 5, 12, 73, 1, 0, 20, 28, 0], [10, 64, 43, 547, 6, 6, 63, 0, 1, 13, 30, 0], [1, 8, 18, 10, 97, 3, 20, 0, 1, 12, 5, 0], [3, 7, 33, 8, 1, 71, 25, 0, 0, 14, 16, 0], [14, 16, 32, 40, 3, 14, 993, 3, 2, 33, 13, 0], [2, 0, 5, 0, 0, 0, 5, 73, 0, 1, 1, 0], [2, 1, 30, 6, 1, 2, 8, 0, 20, 2, 7, 0], [8, 17, 12, 18, 4, 7, 39, 0, 1, 650, 4, 0], [0, 0, 0, 0, 0, 0, 0, 0, 0, 0, 0, 0], [11, 16, 75, 75, 4, 5, 80, 0, 1, 14, 208, 0]]"
LightGBM,300,0.1,15,-1,0.7448084910013844,0.6376223092697964,0.5789458427589892,0.5975714593768703,2.6201321999833453,0.02063136440216853,6501,12,"['Apple', 'Avocado', 'Banana', 'Grape', 'Mango', 'Melon', 'Orange', 'Peach', 'Pear', 'Tomato', 'train', 'validation']","{'Apple': 0.8245614035087719, 'Avocado': 0.9026381909547738, 'Banana': 0.7195496417604913, 'Grape': 0.6642156862745098, 'Mango': 0.7368421052631579, 'Melon': 0.5434782608695652, 'Orange': 0.7425816023738873, 'Peach': 0.948051948051948, 'Pear': 0.75, 'Tomato': 0.8195488721804511, 'train': 0.0, 'validation': 0.0}","{'Apple': 0.7057057057057057, 'Avocado': 0.9288946347769877, 'Banana': 0.7750826901874311, 'Grape': 0.6922094508301405, 'Mango': 0.56, 'Melon': 0.42134831460674155, 'Orange': 0.8607050730868444, 'Peach': 0.8390804597701149, 'Pear': 0.3037974683544304, 'Tomato': 0.8605263157894737, 'train': 0.0, 'validation': 0.0}","{'Apple': 0.7605177993527508, 'Avocado': 0.9155782096208984, 'Banana': 0.7462845010615711, 'Grape': 0.6779237023139462, 'Mango': 0.6363636363636364, 'Melon': 0.47468354430379744, 'Orange': 0.7972919155714855, 'Peach': 0.8902439024390244, 'Pear': 0.43243243243243246, 'Tomato': 0.8395378690629012, 'train': 0.0, 'validation': 0.0}","{'Apple': 333, 'Avocado': 1547, 'Banana': 907, 'Grape': 783, 'Mango': 175, 'Melon': 178, 'Orange': 1163, 'Peach': 87, 'Pear': 79, 'Tomato': 760, 'train': 0, 'validation': 489}","[[235, 4, 23, 18, 2, 3, 27, 0, 0, 17, 4, 0], [0, 1437, 17, 52, 1, 4, 20, 0, 0, 16, 0, 0], [4, 20, 703, 42, 5, 13, 68, 0, 1, 23, 28, 0], [11, 65, 42, 542, 10, 8, 61, 0, 1, 14, 29, 0], [0, 11, 17, 9, 98, 3, 19, 0, 2, 13, 3, 0], [2, 10, 29, 12, 1, 75, 24, 0, 0, 10, 15, 0], [11, 15, 30, 40, 4, 16, 1001, 3, 1, 34, 8, 0], [2, 0, 4, 0, 0, 0, 6, 73, 0, 1, 1, 0], [1, 1, 24, 8, 1, 2, 9, 1, 24, 1, 7, 0], [8, 15, 12, 18, 6, 8, 35, 0, 0, 654, 4, 0], [0, 0, 0, 0, 0, 0, 0, 0, 0, 0, 0, 0], [11, 14, 76, 75, 5, 6, 78, 0, 3, 15, 206, 0]]"
LightGBM,300,0.1,31,5,0.7497308106445162,0.6426012893769294,0.5786340553960949,0.5983737733263501,3.544097900012275,0.037213690204352744,6501,12,"['Apple', 'Avocado', 'Banana', 'Grape', 'Mango', 'Melon', 'Orange', 'Peach', 'Pear', 'Tomato', 'train', 'validation']","{'Apple': 0.8291814946619217, 'Avocado': 0.9145028499050032, 'Banana': 0.7112887112887113, 'Grape': 0.698595146871009, 'Mango': 0.7421875, 'Melon': 0.5177304964539007, 'Orange': 0.7611827141774071, 'Peach': 0.9487179487179487, 'Pear': 0.7586206896551724, 'Tomato': 0.8292079207920792, 'train': 0.0, 'validation': 0.0}","{'Apple': 0.6996996996996997, 'Avocado': 0.9334195216548158, 'Banana': 0.7850055126791621, 'Grape': 0.698595146871009, 'Mango': 0.5428571428571428, 'Melon': 0.4101123595505618, 'Orange': 0.8632846087704213, 'Peach': 0.8505747126436781, 'Pear': 0.27848101265822783, 'Tomato': 0.881578947368421, 'train': 0.0, 'validation': 0.0}","{'Apple': 0.758957654723127, 'Avocado': 0.9238643634037108, 'Banana': 0.7463312368972747, 'Grape': 0.698595146871009, 'Mango': 0.6270627062706271, 'Melon': 0.45768025078369906, 'Orange': 0.8090249798549557, 'Peach': 0.896969696969697, 'Pear': 0.4074074074074074, 'Tomato': 0.8545918367346939, 'train': 0.0, 'validation': 0.0}","{'Apple': 333, 'Avocado': 1547, 'Banana': 907, 'Grape': 783, 'Mango': 175, 'Melon': 178, 'Orange': 1163, 'Peach': 87, 'Pear': 79, 'Tomato': 760, 'train': 0, 'validation': 489}","[[233, 6, 22, 12, 3, 7, 27, 0, 0, 17, 6, 0], [0, 1444, 12, 50, 1, 6, 15, 0, 0, 14, 5, 0], [3, 16, 712, 46, 5, 13, 60, 1, 1, 21, 29, 0], [14, 60, 40, 547, 4, 9, 56, 0, 2, 14, 37, 0], [3, 9, 21, 9, 95, 4, 21, 0, 1, 9, 3, 0], [2, 6, 35, 9, 3, 73, 24, 0, 0, 9, 17, 0], [6, 13, 32, 25, 6, 14, 1004, 2, 1, 38, 22, 0], [1, 0, 4, 0, 0, 0, 5, 74, 0, 2, 1, 0], [2, 0, 30, 6, 1, 3, 6, 0, 22, 4, 5, 0], [6, 11, 12, 15, 6, 6, 30, 0, 0, 670, 4, 0], [0, 0, 0, 0, 0, 0, 0, 0, 0, 0, 0, 0], [11, 14, 81, 64, 4, 6, 71, 1, 2, 10, 225, 0]]"
LightGBM,300,0.1,31,10,0.7586525149976927,0.6681132547996341,0.5897704283748616,0.6139618056567361,4.815964399982477,0.028511552070851275,6501,12,"['Apple', 'Avocado', 'Banana', 'Grape', 'Mango', 'Melon', 'Orange', 'Peach', 'Pear', 'Tomato', 'train', 'validation']","{'Apple': 0.8480565371024735, 'Avocado': 0.9175062972292192, 'Banana': 0.7284569138276553, 'Grape': 0.697084917617237, 'Mango': 0.8095238095238095, 'Melon': 0.5714285714285714, 'Orange': 0.7706422018348624, 'Peach': 0.9868421052631579, 'Pear': 0.8571428571428571, 'Tomato': 0.8306748466257668, 'train': 0.0, 'validation': 0.0}","{'Apple': 0.7207207207207207, 'Avocado': 0.9418228829993536, 'Banana': 0.8015435501653804, 'Grape': 0.70242656449553, 'Mango': 0.5828571428571429, 'Melon': 0.4044943820224719, 'Orange': 0.8667239896818573, 'Peach': 0.8620689655172413, 'Pear': 0.3037974683544304, 'Tomato': 0.8907894736842106, 'train': 0.0, 'validation': 0.0}","{'Apple': 0.7792207792207793, 'Avocado': 0.9295055821371611, 'Banana': 0.763254593175853, 'Grape': 0.6997455470737913, 'Mango': 0.6777408637873754, 'Melon': 0.47368421052631576, 'Orange': 0.8158640226628895, 'Peach': 0.9202453987730062, 'Pear': 0.4485981308411215, 'Tomato': 0.8596825396825397, 'train': 0.0, 'validation': 0.0}","{'Apple': 333, 'Avocado': 1547, 'Banana': 907, 'Grape': 783, 'Mango': 175, 'Melon': 178, 'Orange': 1163, 'Peach': 87, 'Pear': 79, 'Tomato': 760, 'train': 0, 'validation': 489}","[[240, 5, 21, 12, 2, 4, 27, 0, 0, 16, 6, 0], [0, 1457, 15, 40, 0, 4, 11, 0, 0, 16, 4, 0], [2, 18, 727, 37, 5, 11, 54, 0, 0, 17, 36, 0], [13, 55, 39, 550, 6, 5, 61, 0, 1, 15, 38, 0], [1, 12, 13, 10, 102, 2, 17, 0, 1, 13, 4, 0], [1, 9, 35, 10, 1, 72, 26, 0, 0, 11, 13, 0], [11, 9, 32, 37, 4, 14, 1008, 0, 0, 31, 17, 0], [1, 0, 4, 0, 0, 0, 4, 75, 0, 2, 1, 0], [1, 0, 26, 6, 1, 2, 10, 1, 24, 3, 5, 0], [4, 11, 11, 16, 3, 5, 30, 0, 1, 677, 2, 0], [0, 0, 0, 0, 0, 0, 0, 0, 0, 0, 0, 0], [9, 12, 75, 71, 2, 7, 60, 0, 1, 14, 238, 0]]"
LightGBM,300,0.1,31,-1,0.7648054145516074,0.6743263151068555,0.5884878765134731,0.6127834855716405,3.897680299996864,0.02521556683314898,6501,12,"['Apple', 'Avocado', 'Banana', 'Grape', 'Mango', 'Melon', 'Orange', 'Peach', 'Pear', 'Tomato', 'train', 'validation']","{'Apple': 0.8494623655913979, 'Avocado': 0.918546365914787, 'Banana': 0.7433102081268583, 'Grape': 0.701120797011208, 'Mango': 0.8151260504201681, 'Melon': 0.6030534351145038, 'Orange': 0.7781178270849273, 'Peach': 0.9866666666666667, 'Pear': 0.8695652173913043, 'Tomato': 0.826946847960445, 'train': 0.0, 'validation': 0.0}","{'Apple': 0.7117117117117117, 'Avocado': 0.9476405946994182, 'Banana': 0.8269018743109151, 'Grape': 0.719029374201788, 'Mango': 0.5542857142857143, 'Melon': 0.4438202247191011, 'Orange': 0.8744625967325881, 'Peach': 0.8505747126436781, 'Pear': 0.25316455696202533, 'Tomato': 0.8802631578947369, 'train': 0.0, 'validation': 0.0}","{'Apple': 0.7745098039215687, 'Avocado': 0.9328666878778238, 'Banana': 0.7828810020876826, 'Grape': 0.7099621689785625, 'Mango': 0.6598639455782312, 'Melon': 0.511326860841424, 'Orange': 0.8234817813765182, 'Peach': 0.9135802469135802, 'Pear': 0.39215686274509803, 'Tomato': 0.8527724665391969, 'train': 0.0, 'validation': 0.0}","{'Apple': 333, 'Avocado': 1547, 'Banana': 907, 'Grape': 783, 'Mango': 175, 'Melon': 178, 'Orange': 1163, 'Peach': 87, 'Pear': 79, 'Tomato': 760, 'train': 0, 'validation': 489}","[[237, 6, 20, 11, 0, 3, 27, 0, 0, 22, 7, 0], [0, 1466, 10, 37, 1, 3, 13, 0, 0, 14, 3, 0], [2, 17, 750, 37, 4, 10, 44, 0, 1, 17, 25, 0], [8, 58, 41, 563, 6, 6, 55, 0, 0, 15, 31, 0], [0, 10, 18, 11, 97, 3, 16, 0, 0, 14, 6, 0], [1, 6, 31, 10, 1, 79, 24, 0, 0, 11, 15, 0], [8, 7, 26, 36, 3, 15, 1017, 0, 0, 31, 20, 0], [1, 0, 4, 0, 0, 0, 5, 74, 0, 2, 1, 0], [2, 1, 26, 7, 1, 3, 10, 1, 20, 1, 7, 0], [8, 11, 9, 18, 3, 6, 32, 0, 1, 669, 3, 0], [0, 0, 0, 0, 0, 0, 0, 0, 0, 0, 0, 0], [12, 14, 74, 73, 3, 3, 64, 0, 1, 13, 232, 0]]"
LightGBM,300,0.1,63,5,0.7485002307337333,0.6415309302387934,0.5786617055455824,0.5986743786573592,3.431553000002168,0.028549100135295033,6501,12,"['Apple', 'Avocado', 'Banana', 'Grape', 'Mango', 'Melon', 'Orange', 'Peach', 'Pear', 'Tomato', 'train', 'validation']","{'Apple': 0.8274647887323944, 'Avocado': 0.9144654088050315, 'Banana': 0.7151576805696847, 'Grape': 0.6897435897435897, 'Mango': 0.7481481481481481, 'Melon': 0.5413533834586466, 'Orange': 0.7537537537537538, 'Peach': 0.948051948051948, 'Pear': 0.7333333333333333, 'Tomato': 0.8268991282689913, 'train': 0.0, 'validation': 0.0}","{'Apple': 0.7057057057057057, 'Avocado': 0.9398836457659987, 'Banana': 0.7750826901874311, 'Grape': 0.6871008939974457, 'Mango': 0.5771428571428572, 'Melon': 0.4044943820224719, 'Orange': 0.8632846087704213, 'Peach': 0.8390804597701149, 'Pear': 0.27848101265822783, 'Tomato': 0.8736842105263158, 'train': 0.0, 'validation': 0.0}","{'Apple': 0.7617504051863857, 'Avocado': 0.9270003187759005, 'Banana': 0.7439153439153439, 'Grape': 0.6884197056941779, 'Mango': 0.6516129032258065, 'Melon': 0.4630225080385852, 'Orange': 0.8048096192384769, 'Peach': 0.8902439024390244, 'Pear': 0.4036697247706422, 'Tomato': 0.8496481126039668, 'train': 0.0, 'validation': 0.0}","{'Apple': 333, 'Avocado': 1547, 'Banana': 907, 'Grape': 783, 'Mango': 175, 'Melon': 178, 'Orange': 1163, 'Peach': 87, 'Pear': 79, 'Tomato': 760, 'train': 0, 'validation': 489}","[[235, 4, 22, 13, 1, 3, 32, 0, 0, 18, 5, 0], [0, 1454, 14, 42, 0, 6, 14, 0, 0, 15, 2, 0], [7, 15, 703, 45, 7, 14, 60, 1, 1, 19, 35, 0], [11, 59, 42, 538, 6, 7, 62, 0, 3, 15, 40, 0], [0, 8, 16, 11, 101, 3, 16, 0, 1, 12, 7, 0], [1, 9, 34, 10, 2, 72, 24, 0, 0, 11, 15, 0], [9, 13, 24, 34, 6, 16, 1004, 2, 1, 33, 21, 0], [1, 0, 5, 0, 0, 0, 5, 73, 0, 2, 1, 0], [2, 0, 28, 6, 1, 2, 10, 0, 22, 2, 6, 0], [8, 12, 11, 19, 5, 6, 31, 0, 0, 664, 4, 0], [0, 0, 0, 0, 0, 0, 0, 0, 0, 0, 0, 0], [10, 16, 84, 62, 6, 4, 74, 1, 2, 12, 218, 0]]"
LightGBM,300,0.1,63,10,0.7683433317951085,0.6799042626219723,0.594275482160473,0.6206006384697869,6.572163999982877,0.040390416862676026,6501,12,"['Apple', 'Avocado', 'Banana', 'Grape', 'Mango', 'Melon', 'Orange', 'Peach', 'Pear', 'Tomato', 'train', 'validation']","{'Apple': 0.852112676056338, 'Avocado': 0.9251269035532995, 'Banana': 0.7450199203187251, 'Grape': 0.698780487804878, 'Mango': 0.8487394957983193, 'Melon': 0.5702479338842975, 'Orange': 0.7832699619771863, 'Peach': 1.0, 'Pear': 0.8928571428571429, 'Tomato': 0.8426966292134831, 'train': 0.0, 'validation': 0.0}","{'Apple': 0.7267267267267268, 'Avocado': 0.9424692954104719, 'Banana': 0.824696802646086, 'Grape': 0.7318007662835249, 'Mango': 0.5771428571428572, 'Melon': 0.38764044943820225, 'Orange': 0.8856405846947549, 'Peach': 0.8505747126436781, 'Pear': 0.31645569620253167, 'Tomato': 0.8881578947368421, 'train': 0.0, 'validation': 0.0}","{'Apple': 0.7844408427876823, 'Avocado': 0.9337175792507204, 'Banana': 0.7828362114076399, 'Grape': 0.7149095446038678, 'Mango': 0.6870748299319728, 'Melon': 0.46153846153846156, 'Orange': 0.831315577078289, 'Peach': 0.9192546583850931, 'Pear': 0.4672897196261682, 'Tomato': 0.8648302370275465, 'train': 0.0, 'validation': 0.0}","{'Apple': 333, 'Avocado': 1547, 'Banana': 907, 'Grape': 783, 'Mango': 175, 'Melon': 178, 'Orange': 1163, 'Peach': 87, 'Pear': 79, 'Tomato': 760, 'train': 0, 'validation': 489}","[[242, 4, 19, 13, 0, 4, 30, 0, 0, 17, 4, 0], [0, 1458, 11, 46, 0, 2, 11, 0, 0, 16, 3, 0], [4, 12, 748, 40, 7, 13, 43, 0, 1, 15, 24, 0], [9, 53, 38, 573, 3, 5, 52, 0, 1, 14, 35, 0], [1, 11, 18, 12, 101, 2, 17, 0, 0, 9, 4, 0], [1, 7, 34, 10, 1, 69, 29, 0, 0, 13, 14, 0], [9, 11, 20, 33, 1, 12, 1030, 0, 0, 29, 18, 0], [1, 0, 3, 0, 0, 0, 5, 74, 0, 3, 1, 0], [1, 0, 27, 8, 2, 1, 9, 0, 25, 0, 6, 0], [8, 6, 12, 17, 2, 4, 31, 0, 0, 675, 5, 0], [0, 0, 0, 0, 0, 0, 0, 0, 0, 0, 0, 0], [8, 14, 74, 68, 2, 9, 58, 0, 1, 10, 245, 0]]"
LightGBM,300,0.1,63,-1,0.7726503614828488,0.6831399896511128,0.6007479034663445,0.6273124677247414,6.81609480001498,0.05115403784189698,6501,12,"['Apple', 'Avocado', 'Banana', 'Grape', 'Mango', 'Melon', 'Orange', 'Peach', 'Pear', 'Tomato', 'train', 'validation']","{'Apple': 0.8821428571428571, 'Avocado': 0.9246835443037975, 'Banana': 0.7514910536779325, 'Grape': 0.7060270602706027, 'Mango': 0.8292682926829268, 'Melon': 0.6016949152542372, 'Orange': 0.7945945945945946, 'Peach': 1.0, 'Pear': 0.8709677419354839, 'Tomato': 0.8368098159509203, 'train': 0.0, 'validation': 0.0}","{'Apple': 0.7417417417417418, 'Avocado': 0.9444085326438267, 'Banana': 0.8335170893054025, 'Grape': 0.7330779054916986, 'Mango': 0.5828571428571429, 'Melon': 0.398876404494382, 'Orange': 0.884780739466896, 'Peach': 0.8505747126436781, 'Pear': 0.34177215189873417, 'Tomato': 0.8973684210526316, 'train': 0.0, 'validation': 0.0}","{'Apple': 0.8058727569331158, 'Avocado': 0.9344419571474256, 'Banana': 0.7903815995818086, 'Grape': 0.7192982456140351, 'Mango': 0.6845637583892618, 'Melon': 0.4797297297297297, 'Orange': 0.8372660699755899, 'Peach': 0.9192546583850931, 'Pear': 0.4909090909090909, 'Tomato': 0.866031746031746, 'train': 0.0, 'validation': 0.0}","{'Apple': 333, 'Avocado': 1547, 'Banana': 907, 'Grape': 783, 'Mango': 175, 'Melon': 178, 'Orange': 1163, 'Peach': 87, 'Pear': 79, 'Tomato': 760, 'train': 0, 'validation': 489}","[[247, 5, 18, 12, 1, 3, 26, 0, 0, 18, 3, 0], [0, 1461, 11, 41, 0, 2, 15, 0, 0, 14, 3, 0], [2, 14, 756, 36, 6, 11, 39, 0, 2, 16, 25, 0], [7, 53, 39, 574, 4, 5, 50, 0, 0, 17, 34, 0], [1, 9, 18, 10, 102, 2, 16, 0, 0, 11, 6, 0], [1, 5, 35, 12, 1, 71, 26, 0, 0, 13, 14, 0], [8, 12, 22, 32, 3, 12, 1029, 0, 0, 25, 20, 0], [1, 0, 3, 0, 0, 0, 4, 74, 0, 4, 1, 0], [0, 0, 25, 8, 1, 3, 8, 0, 27, 2, 5, 0], [4, 9, 10, 19, 2, 5, 27, 0, 0, 682, 2, 0], [0, 0, 0, 0, 0, 0, 0, 0, 0, 0, 0, 0], [9, 12, 69, 69, 3, 4, 55, 0, 2, 13, 253, 0]]"
